Артикул,Наявність,Назва
0-10-018,В наявності,"Ніж Interlock довжиною 165 мм з лезом шириною 18 мм з сегментами, що відламуються STANLEY 0-10-018"
0-68-012,В наявності,Якісна викрутка - набір 6 Way з трьома змінними бітами STANLEY 0-68-012
0-69-804,В наявності,Заклепочник STANLEY 0-69-804 (2.4-4.8мм)
000009749,В наявності,Шліфмашина кутова 125мм FELISATTI УШМ-125/1100Е (регуляція)
000009810,В наявності,Міксер FELISATTI КМ-80/1200Е (1200Вт)
001001362,В наявності,Масло Oleo-Mac Prosint 2T 1л (001001362)
"001001362, 63040231",В наявності,"Комплект масло Oleo-Mac Prosint 2T 1л + Волосінь Oleo-Mac 2,4х15м"
00129,В наявності,Компресор 24л ТЕХАС ТА-01-610 (1.5кВт/216л/хв)
00196,В наявності,Потужна кутова шліфувальна машина Tex.AC ТА-01-421 SPC
002108,В наявності,Пила ланцюгова бензинова PROFI-TEC PT-2500 (0.8кВт/30см)
00320,В наявності,Шліфмашина кутова акумуляторна ТЕХАС TAOE-AG125L (20В/каркас)
00331,В наявності,Болгарка акумуляторна Tex.AC ТАOE-AG125 (без акума і зарядки)
00396,В наявності,Напівавтомат зварювальний ТЕХАС ТА-MIG240
00462,В наявності,Гайковерт акумуляторний Tex.AC TAOE-IW700 (без акума і зарядки)
00471,В наявності,Пила ланцюгова бензинова ТЕХАС ТА-GS3200 (3.2кВт/40см)
00472,В наявності,Паяльник для пластикових труб ТЕХАС ТА-WP1200
005695,В наявності,Степлер акумуляторний PROFI-TEC PPT20BL (2акум.20В 4Аг/зарядний/кейс/цвяхи і скоби)
005698,В наявності,Присосок вібраційний акумуляторний PROFI-TEC VMC-Universal 200 (2акум.20В 4Аг/зарядний/кейс/120кг)
005704,В наявності,"Потужний акумуляторний вентилятор PROFI-TEC PAF2025BL POWERLine : без АКБ, безщітковий"
005707,В наявності,"Акумуляторний фрезер PROFI-TEC PRD2068BL POWERLine : без АКБ, цанга 6"
005851,В наявності,Акумулятор PROFI-TEC PT2080EP 005851 (20В 8Аг/високострумний)
005901,В наявності,Потужний акумуляторний насос PROFI-TEC PAP2012BL POWERLine : без АКБ 20V; 10.3 бар; 12 л/хв КАРКАС
005906,В наявності,Рівень лазерний PROFI-TEC PGL 4D 1640 (4D/зелений)
005907,В наявності,"Потужна ексцентрикова шліфувальна машина PROFI-TEC PEGM150-5 BRUSHLESS : 400 Вт, розмір підошви 150 мм"
005914,В наявності,Паяльник для труб акумуляторний PROFI-TEC PWM20BL (20В/каркас)
005936,В наявності,Набір акумуляторний PROFI-TEC Combo Set 2 (DGA20BL/DTW500BL/2акум.20В 5Аг/зарядний/кейс)
005943,В наявності,Паяльник акумуляторний PROFI-TEC RD-T12 (20В/каркас/150-500*C)
005945,В наявності,Мультиінструмент акумуляторний PROFI-TEC PCP-Universal (4В)
005952,В наявності,Ножиці по металу акумуляторні PROFI-TEC PCN20BL (20В/каркас)
005955,В наявності,Кущоріз акумуляторний PROFI-TEC PDG5220BL 005955 (20В/каркас)
005968,В наявності,Повітродувка акумуляторна PROFI-TEC PLB5020BL 005968 (20В/каркас)
005970,В наявності,Обприскувач ранцевий акумуляторний PROFI-TEC PS1610 (16л)
006066,В наявності,"Потужна роторная полировальная машина PROFI-TEC PPM-607SR SET : 600 Вт, диски 30/50/75 мм"
006067,В наявності,"Потужна ексцентрикова полірувальна машина PROFI-TEC PPM-1215DA : 1200Вт, диск 125мм, щіткова"
006068,В наявності,Машина полірувальна PROFI-TEC PPM-1515R (150мм)
006070,В наявності,Машина полірувальна ексцентрикова акумуляторна PROFI-TEC PPM-8012SCP Set (1акум.12В 2Аг/зарядний/насадки/кейс)
006074,В наявності,Шурупокрут акумуляторний PROFI-TEC PCD3520BL (2акум.20В 2Аг/зарядний/кейс)
006099,В наявності,Пила ланцюгова акумуляторна PROFI-TEC PCS2020BL (1акум.20В 4Аг/зарядний/кейс/20см)
006112,В наявності,Гайкокрут акумуляторний кутовий PROFI-TEC PWR1620BL (20В/каркас)
006118,В наявності,Фен акумуляторний PROFI-TEC DHG550PT_1 (20В/каркас/електронна регуляція)
006283,В наявності,"Потужний акумуляторний пилосос PROFI-TEC PVC2120BL POWERLine : без АКБ, бак 500 мл"
006284,В наявності,Порохотяг акумуляторний PROFI-TEC PVC1520BL 006284 (20В/каркас)
006286,В наявності,Перфоратор акумуляторний PROFI-TEC PBH201 006286 (2акум.20В 4Аг/зарядний/кейс)
006293,В наявності,"Акумуляторний шуруповерт PROFI-TEC PCD35168BL : з АКБ 2шт-16.8V 2.0 Ah, набір головок"
006294,В наявності,"Акумуляторний шуруповерт PROFI-TEC PCD5220BL POWERLine : з АКБ 2шт-20V 2.0 Ah, 52 Нм, набір головок"
006295,В наявності,"Акумуляторний безповітряний фарбопульт PROFI-TEC PCPS1420 : без АКБ, сопло 0,017"""
006296,В наявності,Шліфмашина кутова акумуляторна PROFI-TEC PGA202BL (2акум.20В 4Aг/зарядний/кейс)
006298,В наявності,Пила ланцюгова акумуляторна PROFI-TEC PPCS3020BL (1акум.20В 4Аг/зарядний/кейс)
006321,В наявності,Гайкокрут акумуляторний PROFI-TEC DTW500BL (2акум.20В 5Аг/зарядний/кейс)
006391,В наявності,Пристрій зарядний PROFI-TEC BC20V (20В/2А)
006453,В наявності,Потужний акумуляторний пилосос PROFI-TEC PVC2520BL POWERLine : без АКБ; бак 1000 мл
006531,В наявності,Порохотяг PROFI-TEC PVC1630 (1600Вт/30л)
006532,В наявності,Порохотяг PROFI-TEC PVC1438 (1400Вт/38л)
006559,В наявності,Мийка високого тиску акумуляторна PROFI-TEC PHPW3020 (2акум.20В 4Аг/зарядний/кейс)
006567,В наявності,Ножиці для трави акумуляторні PROFI-TEC PHT1110 (2акум.20В 2Аг/зарядний/сумка/з кущорізом)
006611,В наявності,Пила шабельна акумуляторна PROFI-TEC BJR2022 006611 (1акум.20В 4Аг/зарядний/кейс)
006762,В наявності,Набір для ремонту ламінату та плитки PROFI-TEC PRK312 Set
006764,В наявності,Адаптер PROFI-TEC BS20PT з батареї Bosch на інструмент PROFI-TEC (Makita) (006764)
006765,В наявності,Перехідник для акумулятора DEWALT на MAKITA PROFI-TEC DW20PT (з адаптером USB)
006766,В наявності,Адаптер PROFI-TEC PT20BS з батареї PROFI-TEC (Makita) на інструмент Bosch (006766)
006767,В наявності,Адаптер PROFI-TEC PT20MTB з батареї PROFI-TEC (Makita) на інструмент Metabo (006767)
006768,В наявності,Перехідник для акумулятора MAKITA на MILWAUKEE PROFI-TEC PT20ML
006770,В наявності,Адаптер PROFI-TEC PT20EIN з батареї PROFI-TEC (Makita) на інструмент Einhell (006770)
006961,В наявності,Перфоратор акумуляторний PROFI-TEC PBH201BL (2акум.20В 4Аг/зарядний/картон)
006973,В наявності,Верстат рейсмусовий PROFI-TEC PTP330 (006973)
006978,В наявності,Верстат фугувально-рейсмусовий PROFI-TEC PTM2518 006978 (254мм)
006979,В наявності,Плиткоріз електричний PROFI-TEC PTS1250 (250мм/1200мм)
006981,В наявності,Каменеріз електричний PROFI-TEC PMS350 (006981)
006988,В наявності,Тример акумуляторний PROFI-TEC PGT6020BL 006988 (1акум.20В 4Аг/зарядний)
006990,В наявності,Тример акумуляторний PROFI-TEC PGT9520 006990 (1акум.20В 4Аг/зарядний)
007003,В наявності,Стружковідсмоктувач PROFI-TEC PCE1150
007004,В наявності,Стружковідсмоктувач PROFI-TEC TurboDust PCE2000
007020,В наявності,Акумулятор PROFI-TEC PT2080VX 007020 (20В 8Аг/високострумовий)
007021,В наявності,Акумулятор PROFI-TEC PT2040VX 007021 (20В 4Аг/високострумний)
007039,В наявності,Тример акумуляторний PROFI-TEC PGT4540 007039 (2акум.20В+20В 4Аг/зарядний)
007051,В наявності,Газонокосарка акумуляторна PROFI-TEC EcoCut 43 Lite (20В+20В/каркас)
007053,В наявності,Газонокосарка акумуляторна PROFI-TEC EasyMow 51 Pro (20В+20В/каркас)
007056,В наявності,Набір акумуляторний PROFI-TEC Combo Set 2/8 (PCD2820V/DGA201BL/2акум.20В 4Аг/зарядний/кейс)
007062,В наявності,Присосок акумуляторний PROFI-TEC HoldPro 150 (3.7В/200мм/150кг/цифровий манометр/автопідкачка)
007063,В наявності,Присосок акумуляторний PROFI-TEC HoldPro 180 (12В/кейс/270*170мм/180кг/цифровий манометр/автопідкачка)
007064,В наявності,Присосок акумуляторний PROFI-TEC HoldPro 200 (2акум.12В/кейс/270*170мм/200кг/цифровий манометр/автопідкачка)
007069,В наявності,Акумуляторний лобзик PROFI-TEC PGS2080BL POWERLine : з АКБ 20V 4.0 Ah
007070,В наявності,Пила дискова акумуляторна PROFI-TEC PCA1220 (1акум.20В 4АгPT2040EP/зарядний/125мм/кейс)
007085,В наявності,Перфоратор бочковий PROFI-TEC RH1700P7 (7Дж/1700кВт)
007086,В наявності,Перфоратор SDS-Max PROFI-TEC RH1850M9 (1850Вт/9Дж)
007087,В наявності,Шліфмашина кутова 125мм PROFI-TEC AG125-850
007088,В наявності,Шліфмашина кутова 125мм PROFI-TEC AG125-1800 (1800Вт/безщіткова)
007153,В наявності,Шурупокрут акумуляторний PROFI-TEC PPCD5516Q (2акум.16В 2Аг/зарядний/кейс/під біту)
007177,В наявності,Акумуляторний гайковерт PROFI-TEC PPTW20020 UltraCore (20В 8а 2шт і зарядка)
007178,В наявності,Акумуляторний дриль-шуруповерт PROFI-TEC PPCD7020 UltraCore (20В/каркас)
007179,В наявності,Акумуляторний дриль-шуруповерт PROFI-TEC PPCD16020 UltraCore (20В 4а 2шт і зарядка)
007180,В наявності,Акумуляторна кутова шліфувальна машина PROFI-TEC PPGA203 UltraCore (20В/каркас)
007181,В наявності,Шліфмашина пряма акумуляторна PROFI-TEC PPSG0620 007181 (20В/ каркас)
007224,В наявності,Шурупокрут акумуляторний імпульсний PROFI-TEC PID1820BL 007224 (2акум.20В 2Аг /зарядний/кейс/180Нм)
007257,В наявності,Перфоратор SDS-Max акумуляторний PROFI-TEC PBH5620 007257 (1акум.20В 8Аг/зарядний/кейс)
007321,В наявності,Диск відрізний алмазний 410мм кільцевий PROFI-TEC 007321 (для EdgeSaw E6200)
007355,В наявності,Пила торцювальна з протяжкою PROFI-TEC MS 305 UltraCut (305мм)
007356,В наявності,Пила торцювальна PROFI-TEC MS 255 LiteCut (255мм)
007357,В наявності,Пила монтажна PROFI-TEC CS 355 X-Cut
007358,В наявності,Відрізна пила по металу PROFI-TEC CCS 355 ColdCut (007358)
007586,В наявності,Газонокосарка акумуляторна PROFI-TEC EcoCut 51 Pro 007586 (2акум.20В+20В 8Аг/зарядний 2 порти)
007587,В наявності,Газонокосарка акумуляторна PROFI-TEC EasyMow 51 Pro (2акум.20В+20В 8Аг/зарядний)
007598,В наявності,Штанга телескопічна для акумуляторного інструменту PROFI-TEC PUEC203 New 007598 (1400-3000мм)
007625,В наявності,Електричний рубанок PROFI-TEC EP8265
007626,В наявності,Акумуляторний рубанок PROFI-TEC PCP9020 UltraCore (20В/каркас)
007629,В наявності,Секатор акумуляторний PROFI-TEC PES25 007629 (20В/каркас)
007639,В наявності,Потужна акумуляторна кутова шліфувальна машина PROFI-TEC PPGA203 UltraCore (20В 4а і зарядка)
007640,В наявності,Потужна акумуляторна кутова шліфувальна машина PROFI-TEC PPGA203 UltraCore (20В 4а 2шт і зарядка)
007641,В наявності,Акумуляторний дриль-шуруповерт PROFI-TEC PPCD7020 UltraCore (20В 2а і зарядка)
007642,В наявності,Акумуляторний дриль-шуруповерт PROFI-TEC PPCD7020 UltraCore (20В 2а 2шт і зарядка)
007644,В наявності,Секатор акумуляторний PROFI-TEC PES25 007644 (1акум.20В 2Аг/зарядний)
007645,В наявності,Пила ланцюгова акумуляторна PROFI-TEC PCS0920 007645 (1акум.20В 4Аг/зарядний/кейс/25см)
007652,В наявності,Пила кільцева для різання бетону PROFI-TEC EdgeSaw E6200 007652 (диск 410мм/пропил 360мм)
007653,В наявності,Пила кільцева для різання бетону PROFI-TEC EdgeSaw E6200 007653 (диск 520мм/пропил 480мм)
007678,В наявності,Штроборіз PROFI-TEC PWC156 007678 (156мм/2600Вт)
007695,В наявності,Реноватор акумуляторний PROFI-TEC PCM430 007695 (20В/каркас)
007735,В наявності,Компресор акумуляторний PROFI-TEC PAC0715 007735 (20В/каркас)
007818,В наявності,Компресор 24л PROFI-TEC OC-24 007818 (1.5кВт/195л/хв)
007819,В наявності,Компресор 50л PROFI-TEC OC-50 007819 (1.5кВт/200л/хв)
007822,В наявності,Компресор 50л PROFI-TEC OFC-50.4 007822 (3.0кВт/475л/хв /4 циліндра/безмасляний)
007823,В наявності,Компресор 100л PROFI-TEC OFC-100.6 007823 (4.5кВт/715л/хв /6 циліндрів/безмасляний)
007833,В наявності,"Компресорна головка масляна PROFI-TEC OH3.3W3 (3 циліндри, 3.0 кВт, 530 л/хв)"
007834,В наявності,"Компресорна головка безмасляна PROFI-TEC OFH1.1D2 (2 циліндри, 1.1 кВт, 238 л/хв)"
007835,В наявності,"Компресорна головка безмасляна PROFI-TEC OFH1.5D2 (2 циліндри, 1.5 кВт, 238 л/хв)"
007883,В наявності,Акумуляторний гайковерт PROFI-TEC PPTW4520 POWERLine (20В/каркас)
007898,В наявності,Газонокосарка електрична PROFI-TEC LM320 Comfort (32см/1300Вт)
007899,В наявності,Газонокосарка електрична PROFI-TEC LM420 Comfort (42см/2000Вт/регулятор висоти)
007900,В наявності,Бензинова газонокосарка PROFI-TEC Premium GL460-L (007900)
007901,В наявності,Бензинова самохідна газонокосарка PROFI-TEC Premium GL510-L
007929,В наявності,Рівень лазерний PROFI-TEC PL-1635CG (4D/зелений)
007954,В наявності,Повітродувка акумуляторна PROFI-TEC AS001BL 007954 (1акум.20В 4Аг/зарядний)
008001,В наявності,Тример акумуляторний PROFI-TEC PGT5025 008001 (1акум.20В 2Аг/зарядний)
008007,В наявності,Мотокультиватор бензиновий PROFI-TEC GT-3.5/55
008008,В наявності,Мотокультиватор дизельний PROFI-TEC DT-5.0/90
008009,В наявності,Мотоблок бензиновий PROFI-TEC GT-7.0/80
008010,В наявності,Мотокультиватор бензиновий PROFI-TEC GT-7.0/75
008011,В наявності,Пістолет клейовий акумуляторний PROFI-TEC PGG1220 (20В/каркас)
008057,В наявності,Фарбопульт акумуляторний PROFI-TEC PSG1420 008057 (20В/каркас)
008058,В наявності,Фарбопульт акумуляторний PROFI-TEC PSG1420 Vision 008058 (2акум.20В 2Аг/зарядний/ліхтар)
008108,В наявності,Вібратор глибинний акумуляторний PROFI-TEC PCV1535 008108 (1акум.20В 8Аг/зарядний/булава 1.5м)
008109,В наявності,Кутова шліфувальна машина PROFI-TEC AG125-1100E (008109)
008111,В наявності,Акумуляторний лобзик PROFI-TEC PJS120 (3а і зарядка)
008112,В наявності,"Пила дискова акумуляторна безщіткова PROFI-TEC PPCA1620 20 В, диск 165 мм, пропил 59 мм, без АКБ і ЗП"
008113,В наявності,Акумуляторна дискова пила PROFI-TEC PPCA1620 (4а і зарядка)
008115,В наявності,База для фрезера PROFI-TEC TB7-40 008115 (похила)
008116,В наявності,База для фрезера PROFI-TEC TB7-40 008116 (занурювальна)
008136,В наявності,Мотобур PROFI-TEC GB-52/250
008149,В наявності,Кутова шліфувальна машина PROFI-TEC AG230-2400 (008149)
008151,В наявності,Рівень лазерний PROFI-TEC PL-1630CG (4D/зелений)
008152,В наявності,Гравер акумуляторний PROFI-TEC PCAE502 (1акум.20В 3Аг/зарядний/кейс/кутовий)
008153,В наявності,Лобзик акумуляторний PROFI-TEC PJS135 008153 (20В/каркас)
008160,В наявності,Апарат зварювальний акумуляторний PROFI-TEC PCWM12040PP (2акум.40В+40В 4Аг/зарядний)
008161,В наявності,Акумуляторний зварювальний апарат PCWM12080VX Max (20В 4шт-8 Аh) (008161)
008169,В наявності,"Акумуляторний пістолет для в’язання арматури PROFI-TEC PPTR0840 MaxGrip (з АКБ 2шт 20V 4.0 Ah і зарядка, кейс)"
008170,В наявності,Повітродувка акумуляторна PROFI-TEC PUB157 008170 (20В/каркас)
008174,В наявності,Акумуляторна ланцюгова пила PROFI-TEC PCS1140 (8а 2шт і зарядка) (008174)
008191,В наявності,"Відбійний молоток PROFI-TEC DH1800H55 1800Вт, 55 Дж, щітковий (008191)"
008192,В наявності,"Відбійний молоток PROFI-TEC DH1900H65 1900Вт, 65 Дж, щітковий (008192)"
008193,В наявності,Пряма шліфувальна машина PROFI-TEC SG750-6 (008193)
008194,В наявності,Пила шабельна PROFI-TEC RS1000-28
008195,В наявності,Вібраційна шліфувальна машина PROFI-TEC RVS350-1.2 (008195)
008198,В наявності,Фрезер PROFI-TEC PRM1500-35 (1500Вт/8мм)
008200,В наявності,Насадка на дриль насос PROFI-TEC DPK3100
008202,В наявності,"Компресор масляний PROFI-TEC OC-55 (50 л, 1.8 кВт, 245 л/хв) 008202"
008203,В наявності,"Компресор масляний PROFI-TEC OC-100V2-3F (380В, 100 л, 2.2 кВт, 415 л/хв) 008203"
008204,В наявності,"Компресор масляний PROFI-TEC OC-100W3-3F (380В, 100 л, 3.0 кВт, 530 л/хв) 008204"
008205,В наявності,"Компресор масляний PROFI-TEC OC-200W3-3F ( 380В, 5,5 кВт, 200 л, 1050 л/хв)"
008207,В наявності,"Компресор безмасляний PROFI-TEC OFC-24.2 (24 л, 1,1 кВт, 238 л/хв) 008207"
008218,В наявності,"Компресор масляний PROFI-TEC OC-50V2 (50 л, 2.2 кВт, 415 л/хв) 008218"
008292,В наявності,Диск відрізний алмазний 520мм кільцевий PROFI-TEC 008292 (для EdgeSaw E6200)
008320,В наявності,Порохотяг акумуляторний PROFI-TEC PVC1806 (2акум.20В 4Аг/зарядний)
008321,В наявності,Акумуляторний кущоріз PROFI-TEC PHT5116 (3а 2шт і зарядка)
008322,В наявності,Фен акумуляторний PROFI-TEC PHG550 008322 (20В/каркас)
008324,В наявності,Терморізак для пінопласту акумуляторний PROFI-TEC PHC500 CleanCut 008324 (20В/каркас/10см)
008325,В наявності,Акумуляторний гравер PROFI-TEC PEM67 (008325) щітковий
008326,В наявності,Компресор акумуляторний PROFI-TEC PTI1035 008326 (20В/каркас/автомобільний)
008350,В наявності,Акумуляторна повітродувка PROFI-TEC PLB950 Turbo (4а 2шт і зарядка)
008356,В наявності,Прожектор акумуляторний PROFI-TEC PLP1000 (20В/каркас)
008357,В наявності,Прожектор акумуляторний PROFI-TEC PLP1500 (20В/каркас)
008439,В наявності,Апарат зварювальний акумуляторний PROFI-TEC PCWM12080VX (40В + 40В/каркас)
008592,В наявності,Акумуляторна ланцюгова пила PROFI-TEC PCS1140 (20В/каркас)
008593,В наявності,Акумуляторна ланцюгова пила PROFI-TEC PCS1140 (4а 2шт і зарядка)
008595,В наявності,Повітродувка акумуляторна PROFI-TEC PLB950 Turbo 008595 (20В/каркас)
0200033000,В наявності,Електричний рейсмусовий верстат для дерева Metabo DH 330 : 1800 Вт портативний рейсмус (0200033000)
0600803103,В наявності,Подрібнювач садовий BOSCH AXT 25 D
0600847C02,В наявності,Кущоріз електричний BOSCH EasyHedgecut 55
06008A5800,В наявності,"Потужній тример електричний садовий для трави Bosch ART 24 : 400 Вт, 12000 об/хв, волосінь, 24 см"
06008A6101,В наявності,"Потужна газонокосарка електрична Bosch ARM 34 : 1300 Вт, ширина захвата 34 см, висота зрізу 20-70 мм"
06008A6501,В наявності,Газонокосарка електрична BOSCH UniversalRotak 37-555
06008A7901,В наявності,Мийка високого тиску Bosch EasyAquatak 120
06008A7E01,В наявності,"Потужна мийка високого тиску Bosch EasyAquatak 100 Long Lance : 1200 Вт, 100 бар, 300 л/год"
06008C0703,В наявності,Кущоріз електричний BOSCH UniversalHedgeCut 60
06008C1J01,В наявності,"Потужній тример електричний садовий для трави Bosch EasyGrassCut 26 : 280 Вт, 12500 об/хв, волосінь, 26 см"
06008C8000,В наявності,Газонокосарка акумуляторна BOSCH GRA 18V2-46 (18В+18В/каркас)
06008C8000+1600A00B8J,В наявності,Газонокосарка акумуляторна BOSCH GRA 18V2-46 (акум 5а 2шт і зарядка)
06008D2000,В наявності,Повітродувка акумуляторна BOSCH GBL 18V-750 (18В/каркас)
06008D2000+1600A01B9Y,В наявності,Повітродувка акумуляторна BOSCH GBL 18V-750 (акум 4а і зарядка)
06008D3000,В наявності,Пила ланцюгова акумуляторна BOSCH GKE 18V-40 (18В/каркас/40см)
06008D3000+1600A01B9Y,В наявності,Професійна акумуляторна ланцюгова пила Bosch GKE 18V-40 Professional з АКБ 18V 4Ah+ЗП
0601063A01,В наявності,"Професійний лазерний нівелір Bosch Professional GLL 2 з тримачем MM 2 : два червоних променя, 10 м (0601063A01)"
0601065320,В наявності,Рівень лазерний BOSCH GLL 12-22 G
0601066F01,В наявності,Рівень лазерний BOSCH GLL 2-50 0601066F01 (приймач LR 6)
0601068000,В наявності,Нівелір оптичний BOSCH GOL 26 D
0601068002,В наявності,"Професійний оптичний нівелір Bosch GOL 26 D+BT 160+GR 500: 360 градусів, до 100м, 26х зум"
0601068402,В наявності,Нівелір оптичний BOSCH GOL 20 D 0601068402 (штатив BT 160/лінійка GR 500)
0601068500,В наявності,"Професійний оптичний нівелір Bosch Professional GOL 32 D : 120 м, 32 х зум, кейс"
0601072902,В наявності,Лазерний далекомір Bosch GLM40 (40м)
0601072V00,В наявності,"Професійний лазерний далекомір Bosch Professional GLM 50-25 G із чохлом : діапазон вимірювань 0.05–50 м, колір лазера зелений"
0601076500,В наявності,Кутомір електронний BOSCH GAM220 (300мм) (0601076500)
0601077000,В наявності,Детектор напруги безконтактний BOSCH GVD 1000-17
0601081301,В наявності,Детектор неоднорідностей BOSCH D-tect 120 (1акум.10.8В 1.5Аг/зарядний AL 1130/кейс L-Boxx 136)
0601081700,В наявності,Детектор неоднорідностей BOSCH GMS 120-27
0601096B00,В наявності,Штатив BOSCH BT 150
060119C801,В наявності,Дриль двошвидкісний BOSCH GSB 24-2
0601217104,В наявності,Дриль електрична ударна Bosch Professional GSB 13 RE : 600 Вт (0601217104)
0601394121,В наявності,Шліфмашина кутова (болгарка) 125мм BOSCH GWS 750 S
0601396102,В наявності,Шліфмашина кутова (болгарка) 125мм BOSCH GWS 9-125 S
06013A6020,В наявності,Професійна болгарка Bosch GWS 12-125 S : 1200Вт; диск 125мм; з регулюванням обертів
0601446400,В наявності,"Ліхтар світлодіодний акумуляторний Bosch GLI 18V-1900 : без АКБ, 14,4/18 V"
0601473600,В наявності,"Професійна дриль електричний безударний Bosch Professional GBM 10 RE : 600 Вт, 2600 об/хв, Нм 20, діаметр свердла 1-10 мм"
06014A1100,В наявності,Ліхтар акумуляторний BOSCH GLI 18V-300 (14.4-18В/каркас)
060158F001,В наявності,Лобзик BOSCH GST 90 BE
060158H000,В наявності,Лобзик електричний Bosch GST 8000 E
06015A1001,В наявності,Лобзик акумуляторний BOSCH GST 12V-70 06015A1001 (12B/каркас)
06015A4301,В наявності,"Професійний рубанок Bosch Professional GHO 26-82 D із паралельним упором, пилозбірником, 710 Вт"
06015B3023,В наявності,"Акумуляторний лобзик Bosch GST 185-LI Solo : з АКБ 18V 4.0Ah ,глибина різу 125мм"
06015B4121,В наявності,"Професійний електричний лобзик Bosch GST 750 : 520 Вт, глибина різу 75 мм, вага 2.3кг"
06015B5021,В наявності,"Потужний акумуляторний рубанок Bosch Professional GHO 185-LI : без АКБ, 14000 об/хв (06015B5021)"
06015B7020,В наявності,Акумуляторний лобзик Bosch GST 183-LI Solo : без АКБ/КАРКАС
060164L902,В наявності,Пила шабельна акумуляторна BOSCH GSA 12V-14 (12В/каркас)
06016A0020,В наявності,Фрезер BOSCH GKF 550 (06016A0020)
06016B7000,В наявності,Фрезер BOSCH GOF 130 (06016B7000)
06016C0020,В наявності,Пила шабельна акумуляторна BOSCH GSA 185-LI (18В/каркас)
06017D0300,В наявності,Професійна болгарка Bosch GWS 17-125 S : 1700 Вт; диск 125мм; з регулюванням обертів
06017D4020,В наявності,"Шліфувальна машина для стін та стелі (жираф) Bosch GTR 550 : 550 Вт, 225 мм (06017D4020)"
06018C1320,В наявності,"Професійна кутова шліфувальна машина (болгарка) Bosch GWS 2200 : 2200 Вт, 6500 об/мин, диск 230 мм"
06018G2020,В наявності,Реноватор акумуляторний BOSCH GOP 185-LI (18В/каркас)
06019C4001,В наявності,Пістолет для герметику акумуляторний BOSCH GCG18V-60 (18В/каркас)
06019C6302,В наявності,Порохотяг акумуляторний BOSCH GAS 18V-10L (18В/каркас)
06019E3000,В наявності,Порохотяг акумуляторний BOSCH GAS 12V (12В/каркас)
06019G5124,В наявності,Шурупокрут акумуляторний імпульсний BOSCH GDR 180-LI (06019G5124)
06019G5223,В наявності,Гайковерт ударний акумуляторний Bosch Professional GDX 180-LI (з АКБ 2шт-18V 2.0Ah)
06019G5226,В наявності,"Гайкокрут ударний акумуляторний Bosch Professional GDX 180-LI (без АКБ, 180Нм)"
06019G8000,В наявності,"Акумуляторний шуруповерт Bosch GSR 120 LI (06019G8000): 30/13 Нм, 1300 об/хв, 2 Акб 12 В / 2 Ач Li-ion,1 кг"
06019G8023,В наявності,"Професійний набір акумуляторного інструменту Bosch GSR 120-LI + GDR 120-LI : з АКБ 12V 2 Ah-2 шт, дриль-шурупокрут, гайкокрут"
06019K4100,В наявності,Акумуляторний ударний гайковерт Bosch Professional GDS 18V-450 PC (без АКБ)
06019K9101,В наявності,"Акумуляторний ударний дриль-шурупокрут Bosch Professional GSB 183-LI із АКБ 18V 2.0Ah, з/п у кейсі"
06019N4000,В наявності,Шліфмашина кутова акумуляторна BOSCH GWS 18V-11S 06019N4000 (18В/каркас/регуляція)
06019N4001,В наявності,Шліфмашина кутова акумуляторна BOSCH GWS 18V-11S 06019N4001 (18В/каркас/кейс/регуляція)
06019N9021,В наявності,Шліфмашина кутова акумуляторна BOSCH GWS 18V-8 (1акум.18В 4Аг/зарядний/кейс)
0601B19000,В наявності,"Торцювальна пила Bosch Professional GCM 800 SJ : 1,4 кВт, 5500 об/хв. глибина/довжина різу 70/270 мм, диск 210-216 мм"
0601B33000,В наявності,Торцювальна пилка Bosch GCM 216 (0601B33000)
0601B53000,В наявності,Пила торцювальна з протяжкою BOSCH GCM 254 D
0603207200,В наявності,"Професійний електричний фарборозпилювач Bosch PFS 5000 Е : 1200 Вт, нанесення фарби 3 м²/хв, контейнер 1 л"
0603681200,В наявності,Детектор неоднорідностей BOSCH Truvo 0603681200
0603681201,В наявності,Детектор неоднорідностей BOSCH Truvo 0603681201 (металева коробка)
0603681300,В наявності,Детектор неоднорідностей BOSCH UnsversalDetect
0603693101,В наявності,Телескопічна штанга Bosch TP 320 : робоча висота 10-320 см; вага 1.1 кг (0603693101)
0603947000,В наявності,Компресор акумуляторний BOSCH EasyPump 0603947000 (3.6В/автомобільний)
0603B07000,В наявності,Свердлильний верстат Bosch PBD 40
0611253708,В наявності,Перфоратор прямий BOSCH GBH 2-26 DRE (2.7Дж/800Вт)
0611254768,В наявності,Перфоратор Bosch GBH 2-26 DFR (0611254768)
0611267500,В наявності,"Професійний електричний перфоратор Bosch GBH 2-28 : 880 Вт, 3.2 Дж, SDS-Plus (0611267500)"
0611267600,В наявності,Професійний електричний перфоратор Bosch GBH 2-28 F (0611267600)
0611272100,В наявності,Перфоратор прямий BOSCH GBH 240 (2.7Дж/790Вт)
0611273000,В наявності,Перфоратор прямий BOSCH GBH 240 F
06112A6020,В наявності,"Професійний ударний електричний прямий перфоратор Bosch GBH 220 : 720 Вт, 2 Дж"
0611321000,В наявності,Молоток відбійний BOSCH GSH 5 CE
0611337020,В наявності,Молоток відбійний BOSCH GSH 501
0611923020,В наявності,Перфоратор акумуляторний BOSCH GBH 187-LI 0611923020 (18В/каркас)
0611924020,В наявності,Перфоратор акумуляторний BOSCH GBH 185-LI 0611924020 (18В/каркас)
0611924021,В наявності,Перфоратор акумуляторний BOSCH GBH 185-LI 0611924021 (2акум.18В 4Аг/зарядний/кейс)
0615A5007L,В наявності,Набір акумуляторний BOSCH 0615A5007L (GBH 18V-22/GSR 18V-45/GWS 18V-8/3акум.18В 4Аг/зарядний/сумка)
06188000L6,В наявності,Адаптер USB акумуляторний BOSCH GAA 18V-48
068929,В наявності,"Будівельний технічний електричний фен Steinel HL 1821 S : 1800Вт, 350/+450 л/хв.,300° та 550°C, легкий 720 г"
1-13-904,В наявності,Набір біт Stanley Expert Line з магнітним утримувачем і тріскачкою 32 предмета (1-13-904)
1-94-210,В наявності,Ящик STANLEY FatMax 1-94-210 Mobile Work Station Cantilever (549*733*413мм/колеса)
1.056-122.0,В наявності,Порохотяг акумуляторний KARCHER FCV 3 (миючий/швабра)
1.081-500.0,В наявності,Порохотяг акумуляторний KARCHER SE 3-18 Compact (18В/каркас/миючий)
1.100-240.0,В наявності,Порохотяг KARCHER Puzzi 8/1 (миючий)
1.148-201.0,В наявності,Порохотяг KARCHER NT 30/1 Tact L
1.148-411.0,В наявності,Порохотяг KARCHER NT 50/1 Tact Te L
1.168-508.0,В наявності,Мийка KARCHER K 6 Special (1.168-508.0)
1.198-053.0,В наявності,Порохотяг без мішка Karcher VC 3 (1.198-053.0)
1.198-060.0,В наявності,Порохотяг KARCHER VC 3 Plus (1.198-060.0)
1.198-450.0,В наявності,Порохотяг акумуляторний KARCHER CVH 4 (4В/каркас/ручний)
1.198-710.0,В наявності,Порохотяг акумуляторний KARCHER VC 7 Cordless yourMax (швабра)
1.269-640.0,В наявності,Робот-пилосос Karcher RCV 5 з функцією вологого прибирання (1.269-640.0)
1.269-660.0,В наявності,Робот-пилосос із функцією вологого прибирання Karcher RCF 3 (1.269-660.0)
1.317-400.0,В наявності,"Потужна мінімийка Karcher K7 K 7 WCM : кВт 3, 600л/год (1.317-400.0)"
1.324-309.0,В наявності,Мийка KARCHER K 4 Power Control Flex Car & Home
1.428-568.0,В наявності,Порохотяг KARCHER NT 30/1 Me Classic (1.428-568.0)
1.445-321.0,В наявності,Fкумуляторні ножиці для трави і кущів Karcher GSH 4-4 Plus Battery Set (1.445-321.0)
1.512-614.0,В наявності,Пароочисник KARCHER SC 2 EasyFix Plus
1.512-630.0,В наявності,Пароочисник Karcher SC 4 EasyFix (1.512-630.0)
1.513-530.0,В наявності,Пароочисник KARCHER SC 3 Upright (швабра)
1.516-401.0,В наявності,Пароочисник KARCHER SC 1 EasyFix
1.516-404.0,В наявності,Пароочисник KARCHER SC 1 Multi (1.516-404.0)
1.516-410.0,В наявності,Пароочисник KARCHER SC 1 Multi & Up
1.516-416.0,В наявності,Пароочисник KARCHER SC 1 Multi Comfort
1.628-130.0,В наявності,Порохотяг KARCHER WD 3 V-17/4/20
1.628-170.0,В наявності,Порохотяг KARCHER WD 3 P V-17/4/20
1.628-411.0,В наявності,Порохотяг KARCHER WD 1 Classic
1.628-575.0,В наявності,Порохотяг акумуляторний KARCHER WD 3-18 S (18В/каркас)
1.633-661.0,В наявності,Порохотяг акумуляторний віконний KARCHER WV 2 Plus NP
1.633-676.0,В наявності,Акумуляторний віконний пилосос Karcher WV 2 Universal Precision+ Black (1.633-676.0)
1.667-291.0,В наявності,Порохотяг KARCHER NT 65/2 Ap
1.673-500.0,В наявності,"Потужна мінімийка високого тиску Karcher К2 Compact Relaunch : 1400 Вт, тиск 110 бар, 360 л/год"
1.673-600.0,В наявності,"Потужна мийка високого тиску (керхер) для авто Karcher K 2 Power Control : 1.4 кВт, 110 бар, 360 л/год мінімийка"
1.950-700.0,В наявності,Мийка високого тиску Karcher K 5 Classic (1.950-700.0)
10000110,В наявності,Професійна газонокосарка MOWOX PM 5690 SHW (10000110)
10000226,В наявності,Бензинова газонокосарка Mowox PM 4650 SHW: самохідна (10000226)
100103N,В наявності,"Ударний електричний гайковерт Vitals Master UA 50105GNve 150-350 Нм з регулятором з насадками 17,19,21,22 мм"
1002215,В наявності,"Автомобільний зарядний пристрій для акумулятора Einhell CE-BC 2 M : 12V, 3-60 Ah (1002215)"
1002225,В наявності,"Автомобільний зарядний пристрій для акумулятора Einhell CE-BC 4 M : 12V, 3-120 Ah (1002225)"
1002235,В наявності,Автомобільний зарядний пристрій для акумулятора Einhell CE-BC 6 M
1002245,В наявності,"Автомобільний зарядний пристрій для акумулятора Einhell CE-BC 10 M : 12V, 3-200 Ah (1002245)"
10115028015,В наявності,"Диск алмазний відрізний Distar 1A1R 125X22,23H PERFECT : диск 125х22,23/Hх1,5мм, кераміка, керамограніт 10115028015"
10116100,В наявності,Набір газовий кемпінговий EDON ED-LPG-3kg (балон 8л)
10126024010,В наявності,"Диск алмазний відрізний Distar 1A1R 125x22,23 Esthete 2.0 : диск 125х22,23/х1,1мм, кераміка, керамограніт 10126024010"
10170085186,В наявності,"Якісне свердло алмазне Distar DDS-W 152X450X1 1/4 UNC RS6 : ∅ 150мм х 450мм, бетон армований"
10170085227,В наявності,"Якісне свердло алмазне Distar DDS-W 092X450X1 1/4 UNC RS6 : ∅ 92мм х 450мм, бетон армований"
10170085487,В наявності,Коронка алмазна 52мм DISTAR DDS-W RS-TX 052*450*1 1/4UNC (армований бетон/без охолодження/з мікроударом)
10170085489,В наявності,Коронка алмазна 62мм DISTAR DDS-W RS-TX 062*450*1 1/4UNC (армований бетон/без охолодження/з мікроударом)
1023016012,В наявності,Напівавтомат зварювальний ПАТОН StandardMIG-160
1023025012,В наявності,Напівавтомат зварювальний ПАТОН StandardMIG-250
103399,В наявності,"Потужний електроточило ТМ0720 Сталь з функцією гравірування та різьблення : 200 Вт, диск 75 мм, 9900 об/хв."
1035,В наявності,Шліфувальна машина для стін і стель LEX LXDWS 175
108773,В наявності,Набір біт та свердл EINHELL/KWB 108773 (39шт.)
109110,В наявності,Набір біт і свердл KWB 109110 (101шт.)
110-9605,В наявності,"Якісна драбина-трансформер алюмінієва Квітка Heavy Duty 4х5 сходинок : висота 5.84 м., навантаження до 150 кг, алюмінієва"
110973,В наявності,Міксер VITALS Professional Em 1612-2BR Protection+ (2 вінчика)
11115048010,В наявності,Диск алмазний відрізний Distar Hard ceramics 5D - 125 x 1.4 x 22.2 (11115048010)
11115160010,В наявності,Диск алмазний відрізний Distar Gres Master 7D - 125 x 1.4 x 22.23 (11115160010)
11115427010,В наявності,"Диск алмазний відрізний 1A1R 125 Distar DECOR SLIM : диск 125х22,23х1,2мм, кераміка, керамограніт 11115427010"
11115537010,В наявності,"Диск алмазний відрізний Distar 1A1R 125 EDGE DRY : 125x1,6x25x22,23мм, кераміка, керамограніт (11115537010)"
11120048014,В наявності,Диск алмазний відрізний Distar Hard ceramics 5D - 180 x 1.4 x 25.4 (11120048014)
11120048015,В наявності,Диск алмазний відрізний Distar Hard ceramics 5D - 200 x 1.6 x 25.4 (11120048015)
11120048017,В наявності,Диск алмазний відрізний Distar Hard ceramics 5D - 230 x 1.6 x 25.4 (11120048017)
11120048019,В наявності,Диск алмазний відрізний Distar Hard ceramics 5D - 250 x 1.6 x 25.4 (11120048019)
11120158027,В наявності,Диск відрізний алмазний 100*22мм по плитці DISTAR Scalpel 11120158027
11120349015,В наявності,Диск алмазний відрізний Distar Hard Ceramics Advanced 7D - 200 x 25.4 (11120349015)
11120349019,В наявності,Диск алмазний відрізний Distar Hard ceramics Advanced 7D - 250 x 25.4 (11120349019)
11120421019,В наявності,Диск алмазний відрізний Distar EDGE 7D - 250 x 25.4 (11120421019)
11120528014,В наявності,Диск алмазний відрізний Distar Hard ceramics Advanced 7D - 180 x 1.4 x 25.4 (11120528014)
11120528017,В наявності,Диск алмазний відрізний Distar Hard Ceramics Advanced 7D - 230 x 1.6 x 25.4 (11120528017)
11127457030,В наявності,Диск відрізний алмазний 125*22мм по плитці DISTAR Shine (0.6мм)
11133053027,В наявності,Диск відрізний алмазний по плитці з штифтом DISTAR Butterfly 11133053027 (45мм)
111825N,В наявності,Маска зварювальника (хамелеон) з автозатемненням Vitals Professional 2.0 Panoramic true color : DIN 5-13 маска для зварювання
112799,В наявності,Бензиновий аератор AL-KO Combi Care 38 P Comfort
112805,В наявності,Електрична газонокосарка AL-KO Classic 3.22 SE
112808,В наявності,Електрична ланцюгова пила AL-KO EKS 2400/40
112809,В наявності,Електрична ланцюгова пила AL-KO EKI 2200/40
112825,В наявності,Дренажний насос AL-KO Drain 10000 Comfort
112828,В наявності,Дренажний насос AL-KO Drain 15000 Inox Comfort
112831,В наявності,Дренажний насос AL-KO Twin 14000 Premium
112836,В наявності,Дренажний насос AL-KO Drain 20000 HD Premium
112846,В наявності,Насосна станція AL-KO HW 3000 Inox Classic
112856,В наявності,Електрична газонокосарка AL-KO Classic 3.82 SE
112888,В наявності,"Моторна олива AL-KO SAE 30 для 4-тактних двигунів, 0,6 л"
112896,В наявності,"Моторна олива AL-KO для 2-тактних двигунів, 1 л"
112924,В наявності,Електричний тример AL-KO BC 1200 E
113186,В наявності,Бензинова ланцюгова пила AL-KO BKS 4040 I
113187,В наявності,Бензинова ланцюгова пила AL-KO BKS 4540
113333,В наявності,Бензинова ланцюгова пила AL-KO BKS 3835 I
113355,В наявності,Бензинова ланцюгова пила AL-KO BKS 2625 T
113371,В наявності,Акумуляторні ножиці для трави AL-KO GS 7.2 Li MultiCutter (з кущорізом)
113465,В наявності,Електричний аератор AL-KO Combi Care 36 E Comfort
113692,В наявності,Бензиновий тример AL-KO BC 223 B
113785,В наявності,Бензинова мотокоса AL-KO BC 500 B
113795,В наявності,Бензинова газонокосарка AL-KO Easy 4.60 SP-S (самохідна)
113796,В наявності,Бензинова газонокосарка AL-KO Easy 5.1 SP-S
113806,В наявності,Косильна головка AL-KO Fast & Easy
113871,В наявності,Садовий подрібнювач AL-KO MH 2500 Slice
113872,В наявності,Садовий подрібнювач AL-KO MH 2810 Easy Crush
113873,В наявності,Садовий подрібнювач AL-KO LH 2810 Easy Crush
113962,В наявності,Дренажний насос AL-KO Drain 9500 Easy
114029,В наявності,Бензиновий тример AL-KO BC 400 B-S (розбірна штанга)
114040,В наявності,Електричний аератор AL-KO Combi Care 38.4 E
114042,В наявності,Аератор бензиновий AL-KO Combi Care 38.6 P Comfort (аерація/скарифікація)
114055,В наявності,Електрична газонокосарка AL-KO Comfort 34.4 E
118100,В наявності,"Адаптер кутовий для біт 1/4"" kwb (118100)"
118673,В наявності,Набір біт EINHELL 118673 (Impact/11шт.)
119936,В наявності,Бензинова газонокосарка AL-KO Comfort 46.0 SP-A
120060040,В наявності,Міксер STARK HM-1050 (1050Вт)
120346,В наявності,Якісна автоматична котушка з ліскою тримерна У-28 Vitals
1214,В наявності,Дискова пила MAKITA HS7601
123117,В наявності,"Секатор Vitals Master PS-210-02 Premium : діаметр різу 20 мм, довжина 210 мм, вага 0.275 кг (123117)"
123170,В наявності,Гілкоріз VITALS LS-730-01
123171,В наявності,"Гілкоріз садовий телескопічний Vitals Master LS-910-01T : діаметр різу 35 мм, довжина 630 - 910 мм, вага 1.300 кг"
123173,В наявності,"Якісні ножиці для живої огорожі Vitals HS-550-01 : довжина 550мм, ріжуча довжина 285 мм, вага 0.920 кг"
123177,В наявності,"Пила садова Vitals GS-300-01 : довжина 480 мм, довжина леза 300 мм (123177)"
123183,В наявності,"Секатор храповий Vitals Master PS-190-01R Premium : діаметр різу 20 мм, довжина 190 мм, вага 0.360 кг (123183)"
124321,В наявності,Шліфмашина вібраційна HAISSER VG-30 (240Вт)
1263,В наявності,Шнек бурової (бур) на мотобур : 150 мм
1264,В наявності,Шнек бурової (бур) на мотобур : 200 мм
1265,В наявності,Шнек бурової (бур) на мотобур : 250 мм
1266,В наявності,Шнек бурової (бур) на мотобур : 300 мм
130217,В наявності,Сепаратор для порохотяга STARMIX Dustfix
130347,В наявності,Присоска вакуумна акумуляторна STARK VPE-200A 160 кг
1334,В наявності,Тельфер Euro Craft HJ202 Польща 150/300 кг
1336,В наявності,Тельфер Euro Craft HJ206 Польща 300/600 кг
1337,В наявності,Тельфер Euro Craft HJ207 Польща 400/800 кг
1338,В наявності,Тельфер Euro Craft HJ208 Польща 500/1000 кг
1354,В наявності,Фрезер електричний Makita RP0900
13541,В наявності,Набір інструментів 36шт. SPARTA 13541
1355,В наявності,Фрезер Makita M3601
135809,В наявності,Набір інструментів 94шт. MTX 135809
14108,В наявності,Набір інструментів 69шт. STELS 14108
14113,В наявності,Набір інструментів 58шт. STELS 14113
1420,В наявності,"Точило для заточування свердел,ножів,стамесок LEX LXMFS55 550 Вт | Польща"
143328,В наявності,Вібратор глибинний FORTE CV-85 (850Вт/булава 1.5м/35мм)
1441,В наявності,Фарбувальна станція YATO YT-82560
1444,В наявності,Насос для перекачування дизельного палива LEX 12 (LXPD12)
1460,В наявності,Мийка високого тиску Кентавр МВТ-140м
148185,В наявності,Пила ланцюгова електрична VITALS EKZ 2240m (2.0кВт/40см/прямий двигун)
148412,В наявності,"Потужна мийка високого тиску (керхер) для авто Vitals Am 7.0-140wr optimum : 140 бар, 420 л/год мінімийка"
148878,В наявності,Насос поверхневий NOWA JY 1100-5060
150021041,В наявності,"Потужна стрічкова шліфувальна машина ( шліфмашина ) Stark BS 1010 : 1010 Вт, розмір стрічки 75х533мм (150021041)"
150537,В наявності,Набір акумуляторний FORTE 150537 (CDR-21Promo/AG 21-125/RH-26/3акум.21В 4Аг/зарядний/кейс)
152369,В наявності,Набір ключів ріжкових 6шт. MTX 152369
152769,В наявності,Набір ключів ріжкових 8шт. MTX 152769
15368,В наявності,Електроріз GTM DC200 (15368)
1546,В наявності,Електричний лобзик по дереву MAKITA 4329
1547,В наявності,Електричний лобзик по дереву MAKITA M4301
15480,В наявності,Точильний верстат GTM NBG-200F
15521,В наявності,"Верстат свердлильний Vulkan VLK-13T1 настільний : 350 Вт,13 мм сверло (15521)"
158694,В наявності,Штроборіз VITALS Master Sv 1524BR
159206,В наявності,"Маска зварювальника (хамелеон) з автозатемненням Vitals Professional 1.1 Panoramic : DIN 5-13 маска для зварювання, щиток зварника"
160012015,В наявності,"Рубанок для стін Stark EWP-1200: 1200 Вт, 2200об/хв, глибина обробки – 3.5 мм; ширина обробки-130 мм"
1600A00B8G,В наявності,Зарядний пристрій Bosch GAL 1880 CV 1600A00B8G
1600A016GK,В наявності,Акумулятор BOSCH ProCore 18V 8.0Ah
1600A032V0,В наявності,Викрутка BOSCH 1600A032V0 (12 в 1/тріскачка)
16033,В наявності,"Верстат свердлильний Vulkan VLK-20F1 підлоговий : 750 Вт, 20 мм сверло (16033)"
16041,В наявності,Точильний верстат GTM NBG-150F
16066,В наявності,"Потужний точильний верстат (електроточило) GTM MD3220HD : 900 Вт, круг 200 мм, 2950 об/хв, вага 28 кг"
1607A350MN,В наявності,Акумулятор BOSCH GBA 18V 2.0Ah
16153,В наявності,Точильно-шліфувальний верстат (точило-гріндер) GTM MD150/50HD
16155,В наявності,Точильно-шліфувальний верстат (точило-гріндер) GTM NBG150/50F
162516,В наявності,"Профісіональний лазерний (нівелір) рівень Vitals Professional LL 16go : АКБ 3.7V + зарядне, діапазон 50м, колір лазера зелений"
162522,В наявності,Штатив трьохопрний для лазерного рівня Vitals LA 150 : висота 0.57-1.5 м
1630,В наявності,"Потужний штроборіз GTM WC230 / 2600E мережевий : 2600Вт, 6600 об/хв, диск 230мм (бетоноріз)"
163193,В наявності,"Якісні ножиці для живої огорожі телескопічні Vitals HS-730-01T : довжина 615-730 мм, вага 1135 гр"
163194,В наявності,Пила садова VITALS Master GS-200-01 (складна)
1632,В наявності,"Штроборіз електричний (бороздник) GTM WC125/1400E : 1400 Вт, 9500 об/хв, 3см глибини, плавний пуск (бетоноріз)"
164742,В наявності,Лещата поворотні 150мм VITALS BV-150
165169,В наявності,Потужний двигун бензиновий до мотоблоку (бензидвигун) Vitals GE 7.0-20s : 7 л.с./212 куб. см. (165169)
17042,В наявності,Верстат свердлильний Vulkan VLK-25F3 настільний
1740,В наявності,Портативний рейсмус LEX LXTP330 : 2200Вт Рейсмусовий верстат
17514,В наявності,Точильний верстат GTM MD3220AL-1 з підсвічуванням
17515,В наявності,Точило GTM/VULKAN MD3225HD (900Вт/250мм)
17517,В наявності,"Потужний точильно-шліфувальний верстат (точило-гріндер) GTM MDB100/200HD : 900 Вт, 200 мм диск, стрічка 100x914 мм"
17693,В наявності,"Верстат свердлильний Vulkan VLK-1016T1 настільний : 450 Вт,16 мм сверло (17693)"
17791,В наявності,"Потужний свердлильний верстат GTM OND-48HD з електромагнітним тримачем : 1700 Вт, діаметр патрона 22 мм (17791)"
17817,В наявності,Відрізна машина GTM CM3000/380CI зі сталевою станиною (84005/380) (17817)
17895,В наявності,"Якісний стружковідсос GTM FM100E (FM100E) : 550 Вт, об.х.х. 2850 об/хв, 65 л мішок для стружки"
17896,В наявності,"Рейсмусовий верстат для дерева GTM TP104 : 2.2 Квт, 400мм, 4 ножа"
17897,В наявності,"Рейсмусовий верстат для дерева GTM TP106 : 2.2 Квт, 380В, 600мм, 4 ножа"
17898,В наявності,Верстат деревообробний комбінований GTM MQ292A
17899,В наявності,Верстат деревообробний комбінований GTM MQ393A
17903094073,В наявності,Коронка алмазна 52мм DISTAR DDS-W 052*450*1 1/4 UNC (високоармований бетон)
17903094080,В наявності,Коронка алмазна 72мм DISTAR DDS-W 72*450*1 1/4 UNC (високоармований бетон)
17903094087,В наявності,Коронка алмазна 102мм DISTAR DDS-W 102*450*1 1/4UNC (високоармований бетон)
17903094089,В наявності,Коронка алмазна 112мм DISTAR DDS-W 112*450*1 1/4 UNC (високоармований бетон)
17903094092,В наявності,Коронка алмазна 132мм DISTAR DDS-W 132*450*1 1/4 UNC (високоармований бетон)
17903094094,В наявності,Коронка алмазна 152мм DISTAR DDS-W 152*450*1 1/4 UNC (високоармований бетон)
17903094096,В наявності,Коронка алмазна 162мм DISTAR DDS-W 162*450*1 1/4 UNC (високоармований бетон)
17903094097,В наявності,Коронка алмазна 172мм DISTAR DDS-W 172*450*1 1/4 UNC (високоармований бетон)
17903094098,В наявності,Коронка алмазна 182мм DISTAR DDS-W 182*450*1 1/4 UNC (високоармований бетон)
17982091081,В наявності,Алмазна коронка по бетону Distar 68 мм з хвостивиком / SDS+ (17982091081)
17982445080,В наявності,Алмазна коронка по бетону Distar 72 мм з хвостиком / SDS+ (17982445080)
17982445083,В наявності,Алмазна коронка по бетону Distar 82 мм з хвостиком / SDS+ (17982445083)
17984445079,В наявності,Коронка по бетону алмазна 68мм DISTAR 17984445079 (без хвостовика)
17984445080,В наявності,Коронка по бетону алмазна 72мм DISTAR 17984445080 (без хвостовика)
17984445083,В наявності,Коронка по бетону алмазна 82мм DISTAR 17984445083 (без хвостовика)
180010010,В наявності,"Професійний верстат стрічковопильний STARK WBS-8 : 300 Вт, 980 м/хв, довжина полотна 1400мм (180010010)"
180020065,В наявності,Пила дискова STARK CS250 Profi (255мм/2300Вт)
180500020,В наявності,Тримач-присосок для скла STARK VP-200 (помповий/120кг/200мм)
180500900,В наявності,Плиткоріз ручний 900мм STARK MTC-900 (монорейковий)
182947,В наявності,Фен промисловий NOWA O 2000k
182948,В наявності,"Гравер багатофункціональний інструмент Vitals Master Eu 1335DG : 130Вт, цанга 2,3/3,2мм"
18300,В наявності,"Верстат фугувальний GTM SP-150 : 750Вт, 220 В"
18302,В наявності,"Рейсмусовий верстат для дерева GTM TP104H : 4 Квт, 400В, 400мм, 4 ножа"
18303,В наявності,Токарний верстат по дереву GTM TWL1000IA
18304,В наявності,Шліфувальний верстат GTM SD46 (18304)
18408,В наявності,Верстат фугувально-рейсмусовий GTM WPT200A (18408)
18479,В наявності,Рейсмусовий верстат для дерева GTM PT330A
18480,В наявності,Верстат фугувально-рейсмусовий GTM PT250A (PT250A) (18480)
18481,В наявності,Верстат фугувально-рейсмусовий GTM PT250B (PT250B) (18481)
18482,В наявності,Шліфувальний верстат GTM MM491GL (18482)
18668,В наявності,Стрічкопильний верстат GTM GFW 4013 для металу (GFW 4013)
18669,В наявності,Стрічкопильний верстат GTM GFW 5012 для металу (GFW 5012)
18670,В наявності,Стрічкопильний верстат GTM GFW 5018 для металу (GFW5018)
18671,В наявності,"Рейсмусовий верстат GTM MB13/1-3B, 1800 Вт, 330 мм, 3 ножі, 2 швидкості"
18672,В наявності,Верстат рейсмусовий GTM MB13/1 H (Helical)
18674,В наявності,Верстат свердлильний GTM MCD32 з електромагнітним тримачем (MCD32)
18675,В наявності,Верстат свердлильний GTM MCD60 з електромагнітним тримачем (MCD60)
18677,В наявності,"Стрічкопильний верстат по дереву GTM MJ12ECO, 750 Вт, пропил 170×305 мм, 2 швидкості"
18678,В наявності,"Стрічкопильний верстат по дереву GTM MJ14, 1100 Вт, пропил 225×340 мм, 2 швидкості"
18683,В наявності,"Фугувальний верстат GTM TB8 Helical, 1500 Вт, 204 мм, спіральний вал, 10000 об/хв"
18684,В наявності,Верстат циркулярний GTM TS250 (18684)
18685,В наявності,"Верстат свердлильний GTM ZJ4116 настільний : 230 В, 550 Вт (18685)"
18686,В наявності,"Верстат свердлильний GTM ZJ4120/1 настільний : 230 В, 750 Вт (18686)"
18688,В наявності,"Верстат свердлильний GTM ZJ5132 підлоговий, 230 В, 1100 Вт (18688)"
18689,В наявності,"Верстат свердлильний GTM ZJW4113Z настільний : 230 В, 750 Вт (18689)"
18690,В наявності,"Верстат свердлильний GTM ZJW4116/2 настільний, 230 В, 750 Вт (18690)"
18691,В наявності,"Верстат свердлильний GTM ZJW5120/1 підлоговий, 230 В, 750 Вт (18691)"
18692,В наявності,"Верстат свердлильний GTM ZJW5125/2 підлоговий, 230 В, 1100 Вт (18692)"
18693,В наявності,"Верстат свердлильний GTM ZJY4116 настільний, 230 В, 375 Вт (18693)"
191166,В наявності,Рубанок VITALS Master Re 110312SKs (1200Вт/110мм)
194385-5,В наявності,Набір затискачів для напрямної (струбцини) Makita 2шт (194385-5)
194533-6,В наявності,"Швидкозарядний пристрій Makita DC18SD : напруга акумулятора 7,2 - 18В, (194533-6)"
1951,В наявності,Мастило для змащування ланцюга бензопил Super Oil (1 л)
195584-2,В наявності,Швидкозарядний пристрій Makita DC18RC - 18B (195584-2)
195628,В наявності,Мотобур VITALS Master BUM 632n
19568442013,В наявності,Насадка MECHANIC AirDUSTER 115-125 для КШМ
19568442015,В наявності,"Насадка-штроборіз накладна на КШМ Mechanic AirCHASER 230 : діаметр кола 230 мм, регульована глибина різання"
19568442025,В наявності,Колектор відведення пилу MECHANIC Drillstream 1 1/4UNC(зовн.)*M18(внутр.)
19568442113,В наявності,Насадка Slider 45x115-125 2.0 MECHANIC слайдер для різання під 45 градусів для КШМ 19568442113
19568442224,В наявності,Насадка-штроборез накладний на КШМ Mechanic AIRCHASER 115-125 2.0 : діаметр кола 125 мм
197879,В наявності,Пила ланцюгова електрична VITALS Master EKZ 225 Black Edition (2.2кВт/40см/прямий двигун)
1984,В наявності,Напрямна шина MAKITA 150см (199141-8)
198885-7,В наявності,Набір для з'єднання двох напрямних шин Makita (198885-7)
2.445-062.0,В наявності,"Набір акумуляторний KARCHER 2.445-062.0 (1акум.18В 2,5Аг/зарядний)"
2.445-063.0,В наявності,Набір акумуляторний KARCHER 2.445-063.0 (1акум.18В 5Аг/зарядний)
2.637-729.0,В наявності,Набір для промивання труб KARCHER 2.637-729.0 (з шлангом для мийки 7.5м)
2.637-767.0,В наявності,Комплект для очищення труб (15 м) (2.637-767.0)
2.640-729.0,В наявності,Набір запасних кілець для мийок KARCHER 2.640-729.0
2.641-721.0,В наявності,Шланг для мийки KARCHER Quick Connect H 9 Q (9м/180 бар)
2.642-724.0,В наявності,Струменева трубка Karcher Vario Power VP 120 для К2 - К 3 (2.642-724.0)
2.642-726.0,В наявності,Трубка струменева для мийки KARCHER Vario Power VP 180 (регуляція тиску/для К 7)
2.643-147.0,В наявності,Професійна пінна насадка для мийки Kärcher FJ 6 (2.643-147.0)
2.645-383.0,В наявності,Насадка для мийки пінна KARCHER FJ 3 2.645-383.0 (300мл)
2.645-384.0,В наявності,Насадка для мийки KARCHER eco!Booster145
2.863-005.0,В наявності,Фільтр для порохотяга KARCHER 2.863-005.0 (для WD 4 - WD 6/плоский гофрований)
2.863-006.0,В наявності,Мішок для порохотяга KARCHER 2.863-006.0 (мікроволокно/для WD 4 - WD 6/уп.4шт.)
2.863-025.0,В наявності,Насадка для миття вікон KARСHER 2.863-025.0 (для пароочисника)
2.863-238.0,В наявності,Фільтр для порохотяга KARCHER 2.863-238.0 (для VC 3/HEPA 13)
2.863-264.0,В наявності,Набір щіток KARCHER 2.863-264.0 (4шт./для пароочисника)
20/125BK,В наявності,Шліфмашина кутова акумуляторна RIKER RAG 20/125BK (20В/каркас)
2003,В наявності,Бензинова мотокоса AL-KO FRS 4125
20400EP,В наявності,Пристрій зарядний автомобільний BREVIA Power400 (4А/інверторний)
2048304,В наявності,Ударний гайковерт Einhell CC-IW 450 (2048304)
20600EP,В наявності,Пристрій зарядний автомобільний BREVIA Power600 (6А/інверторний)
2071010,В наявності,Автокомпресор акумуляторний Einhell CE-CC 18 Li-Solo (без акума і зарядки) 2071010
2093275,В наявності,Полірувально-шліфувальна машина Einhell CC-PO 1100/150 E
2093301,В наявності,Професійна акумуляторна полірувальна машина Einhell CE-CB 18/254 Li - Solo (без АКБ та ЗП)
"2093301, 4512097",В наявності,Акумуляторна полірувальна машина Einhell CE-CB 18/254 Li - Solo : (акум 2.5 ампера і зарядка)
2093320,В наявності,Полірувально-шліфувальна акумуляторна машина Einhell CE-CP 18/180 Li E-Solo (без АКБ та ЗП)
"2093320, 4512042",В наявності,Полірувально-шліфувальна акумуляторна машина Einhell CE-CP 18/180 Li E-Solo : 18В (акум 4 ампера і зарядка)
211338,В наявності,"Тепловентилятор електрийчний (нагрівач дуйка) Vitals EH-27 : 2 кВт, площа обігріву 20 м³"
2115,В наявності,Монтажна пила (металоріз) LEX LXCM295 : 2900 Вт | Чехія (тріборіз)
216881,В наявності,Секатор садовий VITALS Master PS-210-01 Autolock
2255160,В наявності,Електричний тельфер (підйомник) Einhell TC-EH 1000
227426,В наявності,Насос занурювальний дренажний для чистої води Powercraft QD 1500f (ситко)
227427,В наявності,Насос занурювальний дренажний для чистої води Powercraft QD 900f (ситко) 227427
227456,В наявності,"Набір інструментів 46 од GTM GTS-046 1/4"" (GTS-046)"
227457,В наявності,"Набір інструментів 82 од GTM GTS-082 1/4-1/2"" (GTS-082)"
227458,В наявності,"Набір інструментів 94 од GTM GTS-094 1/4-1/2"" (GTS-094)"
227459,В наявності,"Набір інструментів 108 од GTM GTS-108 1/4-1/2"" (GTS-108)"
2276,В наявності,"Потужна електрична ударна дриль (електродриль) GTM DI-13/750ER(M) (F91223) : 750 Вт, 3200 об/хв, вага 2.3 кг"
2277,В наявності,"Потужна електрична ударна дриль (електродриль) GTM DI-16/1050ER(M) (F91423) : 1050 Вт, 3000 об/хв, вага 3.2 кг"
2280,В наявності,Шліфмашина кутова 150мм GTM AG150/1500P
230071600,В наявності,"Зварювальний інвертор STARK ISP-1600 MMA LCD 160 А, електрод 2–4 мм, дисплей"
230071800,В наявності,"Зварювальний інвертор STARK ISP-1800 MMA LCD 180 А, електрод 2–5 мм, дисплей"
230072000,В наявності,"Зварювальний інвертор STARK ISP-2000 MMA LCD 200 А, електрод 2–5 мм, LCD-дисплей"
2338266,В наявності,"Якісний нагрівач електричний 380V Einhell EH 5000 : 5000 Вт, 50 кв.м, ТЕН, 2 швидкості (2338266)"
2351165,В наявності,Мішок для порохотяга EINHELL 2351165 (15л/паперовий/уп.5шт.)
2351260,В наявності,Мішок для порохотяга EINHELL 2351260 (10л/паперовий/уп.5шт.)
235982,В наявності,Шліфмашина кутова 125мм VITALS Professional Ls 1213av BL (1300Вт/безщіткова)
2361524,В наявності,"Потужний електричний фарбопульт Wagner W450 : 460 Вт, діаметер сопла 1.8-2.5 мм, мах. подача — 230 мл/хв"
2361538,В наявності,"Потужний електричний фарбопульп HVLP Wagner Flexio W590 : 630 Вт, мах. подача – 500 мл/хв"
2371057,В наявності,"Потужний безповітряний електричний фарбопульт Wagner Control Pro 350 M : 600 Вт, 110 бар, продуктивність 1.5 літр/хв (2371057)"
243000101,В наявності,Ліхтар ручний Stark L-1-01 Li LED (працює і як PowerBank)(243000101)
243000102,В наявності,Ліхтар прожекторного типу Stark L-1-02 Li LED 500 lm з функцією PowerBank (243000102)
243000201,В наявності,Ліхтар акумуляторний ручний STARK L-2-01 Li LED
243905,В наявності,Газонокосарка бензинова VITALS Zp 39150k
2460,В наявності,Електричний будівельний дриль-міксер для розчину GTM MX-100/1600EM
2480,В наявності,Штроборіз електричний (бороздник) GTM WC125/150/1800
250008010,В наявності,Фрезер акумуляторний STARK CER-80AB (21В/каркас)
251226,В наявності,"Подовжувач Distar L300 1 1/4” : довжина 300мм, подовжувач для алмазної коронки"
251227,В наявності,"Подовжувач Distar L500 1 1/4” : довжина 500мм, подовжувач для алмазної коронки"
25143,В наявності,Гвинтовий повітряний компресор GTM DLG7.5V/inv (25143)
2525,В наявності,"Потужна шліфмашина для стін та стелі GTM SZB-225FV-2: 750Вт, LED підсвітка кругова, диск 225 мм, 1750 об/хв, телескопічна рукоятка"
2526,В наявності,"Потужна шліфмашина для стін та стелі GTM SZS-180L : 710Вт, LED підсвітка, диск 180 мм, 2500 об/хв"
2553,В наявності,Ручна торцювальна пила з протяжкою по дереву GTM HM1245
2554,В наявності,"Ручна торцювальна пила з протяжкою по дереву GTM HM1032 : 2000 Вт, глибина різу 90мм, диск 254 мм, вага 13.6 кг (2554)"
2561,В наявності,"Потужний електричний ручний електролобзик GTM JS100/710E : 710 Вт, 3000 ход/хв, хід полотна 28 мм, вага 2.7кг"
2562,В наявності,Електричний ручний електролобзик GTM JS120/750EM
2564,В наявності,Акумуляторний перфоратор GTM RHC18/26BL (2акума 4а і зарядка) (2564)
2566,В наявності,Кутова шліфмашина 125мм GTM AG125/850
2567,В наявності,Фарбопульт електричний GTM SG500
2607337069,В наявності,Акумулятор BOSCH GBA 18V 5.0Ah AMP/SHARE
2608615031,В наявності,Диск відрізний алмазний 230*22мм сегментний BOSCH Eco Universal 2608615031
2608644391,В наявності,Диск пильний 210 х 30 (64Т) Bosch по алюмінію (2608644391)
2608644396,В наявності,Диск пильний 305 х 30 (96Т) Bosch по алюмінію (2608644396)
26150575JB,В наявності,Якісна кутова приставка Dremel (575)
2625000,В наявності,"Швидкозатискний свердлильний патрон 6,5 мм 1/4"" Wolfcraft (2625000)"
2626,В наявності,Шліфмашина кутова 180мм GTM AG180/1800M
2627,В наявності,Електрична вібраційна шліфмашина GTM S115/300E
2628,В наявності,"Потужна полірувальна машина GTM PO180/1300E : 1300 Вт, диск 180 мм, 400-2200 об/хв, вага 5.1 кг"
2689,В наявності,"Акумуляторний дриль-шуруповерт GTM DS12/30 : з Акб 2 шт-12V 1.5 Ah, 1400 об/хв, 30 Нм, щітковий"
2692,В наявності,Акумуляторний ударний гайкокрут GTM IWC18/320BL (акум 4а 2шт і зарядка)
2693,В наявності,Кутова шліфувальна машина GTM AGC18/125BL (акум 4а 2шт і з) (2693)
2697,В наявності,"Зарядний пристрій для акумуляторів 18 В GTM Ch18V/2,2А (2697)"
2698,В наявності,Зарядний пристрій для акумуляторів 18 В GTM Ch18V/4А (2698)
2700,В наявності,Акумулятор GTM B18V/2Аh Li-Ion
2702,В наявності,Акумулятор GTM B18V/4Аh Li-Ion
27150,В наявності,"Потужний масляний повітряний поршневий компресор GTM KABM2024 : 24 л, 1,8 кВт, 8 бар, 170 л/хв, вага 23,5 кг"
27151,В наявності,Компресор 50л GTM KABM2050 (1.8кВт/220л/хв)
27152,В наявності,"Потужний масляний повітряний поршневий компресор GTM KAV3050 : 50 л, 2,2 кВт, 8 бар, 290 л/хв, вага 45 кг"
27153,В наявності,Поршневий повітряний компресор 24 л GTM KAW750-24L
27154,В наявності,"Поршневий повітряний компресор 50 л GTM KCW1500-50L безмасляний (50л, 1.8 кВт, 210 л/хв)"
27155,В наявності,"Поршневий повітряний компресор 50 л GTM KCH2070A-50L ремінний (50л, 2.2 кВт, 300 л/хв)"
27156,В наявності,"Потужний масляний повітряний поршневий компресор GTM KCH2070B-100L ремінний : 100 л, 2,2 кВт, 10 бар, 300 л/хв, вага 75 кг"
27157,В наявності,"Поршневий повітряний компресор 200 л GTM KCH2090-200L ремінний (200л, 4 кВт, 600 л/хв)"
27158,В наявності,"Поршневий повітряний компресор 120 л GTM KC2090A-120L ремінний (120л, 5.5 кВт, 670 л/хв)"
27159,В наявності,"Поршневий повітряний компресор 220 л GTM KC3090-220L ремінний (220л, 7.5 кВт, 900 л/хв)"
27160,В наявності,Компресор повітряний ремінний GTM KCJ2070-100L
27161,В наявності,"Поршневий повітряний компресор 300 л GTM KCJ3100-300L ремінний (300л, 11 кВт, 1500 л/хв)"
27162,В наявності,"Поршневий повітряний компресор 300 л GTM KCJ3120-300L ремінний (300л, 15 кВт, 2000 л/хв)"
27197,В наявності,Автомобільний компресор безмасляний GTM RLA-0201
2721061,В наявності,Видавлювач термоклейовий з вимикачем Ø8мм 20Вт SIGMA (2721061)
2721081,В наявності,"Видавлювач термоклейовий з вимикачем, для клею Ø11.2мм 60Вт SIGMA (2721081)"
27244,В наявності,Мастило компресорна GTM Dynamic Air VDL 100 - 1 л
27290,В наявності,"Гвинтовий повітряний компресор GTM DLG3V 230 масляний (100л, 3 кВт, 350 л/хв)"
27291,В наявності,"Гвинтовий повітряний компресор 100 л GTM DLG3V 380 масляний (100л, 380 В, 3 кВт, 350 л/хв)"
27292,В наявності,"Гвинтовий повітряний компресор 100 л GTM DLG4V 380 масляний (100л, 380 В, 4 кВт, 420 л/хв)"
27295,В наявності,Гвинтовий повітряний компресор 200 л GTM DLG7.5V масляний 7.5 кВт (DLG7.5V)
27431,В наявності,Фарбопульт електричний GTM ASG-1500/710 (безповітряний)
27433,В наявності,Фарбопульт електричний GTM ASG-2600/1500 (безповітряний)
27450,В наявності,Гвинтовий повітряний компресор 200 л GTM DLG5.5V масляний 380В/інверто/кожух (27450)
2816251,В наявності,Скоби 25×5.8мм для пневмостеплера 5000шт SIGMA (2816251)
2816321,В наявності,"Скоби до степлера Sigma 5,8 на 32 мм (5000 шт.) 2816321"
2816401,В наявності,"Скоби до степлера Sigma 5,8 на 40 мм (5000 шт.) 2816401"
2817101,В наявності,Скоби 10×12.8мм для пневмостеплера 5000шт SIGMA (2817101)
2817121,В наявності,Скоби 12×12.8мм для пневмостеплера 5000шт SIGMA (2817121)
2817141,В наявності,Скоба для степлера 12.8*0.9*14мм SIGMA 2817141 (уп.5000шт.)
2817161,В наявності,Скоби 16×12.8мм для пневмостеплера 5000шт SIGMA (2817161)
2818251,В наявності,Цвях для степлера 25*1.25*1.0мм SIGMA 2818251 (уп.5000шт.)
2818301,В наявності,Цвяхи планкові для пневмостеплера 30×1.25×1мм (5000шт) SIGMA (2818301)
2818381,В наявності,Цвях для степлера 38*1.25*1.25мм SIGMA 2818381 (уп.5000шт.)
2818501,В наявності,Цвях для степлера 50*1.25*1.0мм SIGMA 2818501 (уп.5000шт.)
2821351,В наявності,Степлер механічний SIGMA 2821351
2822,В наявності,Акумуляторний дриль-шурупокрут GTM DS18/40P (без акума і зарядки)
2825,В наявності,Акумуляторний ударний гайкокрут GTM IWC18/320BL (без акума і зарядки)
2826,В наявності,Акумуляторна кутова шліфувальна машина GTM AGC18/125BL (18/каркас)
28472,В наявності,Високоточна бормашина (гравер) FBS 240/E Proxxon 28472
28492,В наявності,"Потужна кутова бормашина LWB E Proxxon 28492 : 100 Вт, регулювання обертів, 15000 об/хв (28492)"
28660,В наявності,"Потужна кутова полірувальна машина WP/E Proxxon : 100 Вт, регулювання обертів, 2500 об/хв, диск 50 мм (28660)"
2881,В наявності,Пила ланцюгова електрична (електропила) GTM CS16/2000ТН
2890,В наявності,Шліфмашина кутова 125мм GTM AG125/900VS (регуляція)
2891,В наявності,Шліфувальна машинка (болгарка) GTM AG125/1400VS
2892,В наявності,Шліфмашина кутова 230мм GTM AG-230/2300HD
2893,В наявності,Шліфмашина кутова 230мм GTM AG-230/2800D
2894,В наявності,Гайкокрут мережевий GTM IW550/950
2895,В наявності,"Потужний фрезер сетевой GTM R44/1100VS 1100 Вт : 1100 Вт, цанга 6/8 мм, 25500 хв-1, хід фрези 44мм"
2896,В наявності,"Акумуляторний безщітковий шурупокрут GTM DS12/38BL : з Акб 2 шт-12V 2.0 Ah, 1400 об/хв, 30 Нм"
2897,В наявності,Акумуляторний безщітковий шурупокрут GTM DS18/50BL (акум 2а 2шт і зарядка)
290050016,В наявності,Штанга телескопічна STARK LLTP-2800 (2800мм)
290050017,В наявності,Штанга телескопічна STARK LLTP-4000 (4000мм)
290080130,В наявності,"Професійний лазерний нівелір STARK LL-16G-4D 16 ліній : 30м, зелений промінь (290080130)"
290080135,В наявності,Рівень лазерний STARK LL2-16G-4D (4D/30м/зелений)
290090110,В наявності,Далекомір лазерний STARK LD-100 (100м)
2906,В наявності,Фрезер акумуляторний безщітковий GTM R18/55BL (без акума і зарядки)
2907,В наявності,Шабельна пила акумуляторна GTM RS18/150BL (без акума і зарядки)
2908,В наявності,Лобзик акумуляторний GTM JS18/65 (без акума і зарядки)
29805,В наявності,Гравер акумуляторний PROXXON LWB/A (кутовий)
30034,В наявності,Кран гідравлічний підкатний 1т GTM T31002CX-GS складаний (30034)
300502080,В наявності,Мотобур Stark PEA-5028 (300502080):шнеком 200х800 мм.
30083,В наявності,Пускозарядний пристрій Vulkan CF400: 1800Вт (30083)
30089,В наявності,Пуско-зарядний пристрій Vulkan CT60 : 12В і 24В (30089)
3013,В наявності,Пилосос будівельний GTM JN 503 (3013)
30228,В наявності,Установка для зливу і вакуумного відкачування оливи 90 л GTM TRG2090 з мірною колбою (30228)
3031,В наявності,Фарбопульт акумуляторний GTM SG18/700BL (без акума і зарядки)
3032,В наявності,Акумуляторний секатор GTM GS18/30BL (без акума і зарядки)
3034,В наявності,Відбійний молоток GTM DH20/1500VS
3035,В наявності,"Потужний фрезер сетевой GTM R67/2200VS 2200 Вт : 2200 Вт, цанга 8/12 мм, 21000 хв-1 (R67/2200VS)"
30432,В наявності,"Мийка високого тиску Vulkan OLD701-140 : 2500Вт, 170 бар (30432)"
3049,В наявності,Фарбопульт електричний GTM SG400N
3050,В наявності,Акумуляторний ударний шурупокрут GTM DSI18/60BL (акум 2а 2шт і зарядка)
3051000,В наявності,Кутовий зажим Wolfcraft ES 22 (3051000)
3090A,В наявності,Поршневий блок для компресорів Euro Craft 3 поршня 3-х циліндровий
3093,В наявності,Акумуляторний безщітковий шурупокрут GTM DS18/50BL(без акума і зарядки)
3094,В наявності,Акумуляторний ударний шурупокрут GTM DSI18/80BL (без акума і зарядки)
30980,В наявності,"Мийка бензинова високого тиску Vulkan SCPW 3000-II : 4778Вт, 210 бар (30980)"
310369,В наявності,Рулетка 3м MTX 310369 (13мм)
310455,В наявності,Подовжувач для алмазних коронок 300мм DISTAR L300 1 1/4 AL
310900203,В наявності,Якісні ножі для тримера STARK 5 шт (310900203)
3129,В наявності,Шабельна пила GTM RS210/1200E
316350,В наявності,Комплект пилок до пилки-лобзика Einhell TC(TH)-SS 405 E 5 шт. KWB 316350
3202,В наявності,Акумуляторний насос (компресор) GTM AСC18/26 (без акума і зарядки)
3205,В наявності,Акумуляторний пістолет для герметика GTM GGC18/150 (18В/каркас) (3205)
32226,В наявності,"Мийка високого тиску Vulkan OLD701-110 : 2200Вт, 150 бар (32226)"
32282,В наявності,Підмітальна машина GTM MS980AT2 (MS980AT2) (32282)
32283,В наявності,Підмітальна машина GTM MS68 (MS68) (32283)
32756,В наявності,Домкрат гідравлічний 2т GTM Т90204 пляшковий одноштоковий
32757,В наявності,Домкрат гідравлічний 3т GTM Т90304 пляшковий одноштоковий
32758,В наявності,Домкрат гідравлічний 5т GTM Т90504 пляшковий одноштоковий
32759,В наявності,Домкрат гідравлічний 10т GTM Т91004 пляшковий одноштоковий
32760,В наявності,Домкрат гідравлічний 15т GTM Т91504 пляшковий одноштоковий
32761,В наявності,Домкрат гідравлічний 20т GTM Т92004 пляшковий одноштоковий
32762,В наявності,Домкрат гідравлічний 2т GTM Т90204S пляшковий одноштоковий в кейсі
32763,В наявності,Домкрат гідравлічний 5т GTM Т90504S пляшковий одноштоковий в кейсі
32764,В наявності,Домкрат підкатний 2т GTM T820050R гідравлічний з поворотною ручкою (32764)
32765,В наявності,Домкрат підкатний 3т GTM T830020 гідравлічний (32765)
32766,В наявності,Домкрат підкатний 3т GTM T83003C гідравлічний з поворотною ручкою (32766)
32767,В наявності,Комплект підставок під авто 2т GTM T42001 2 шт (32767)
32768,В наявності,Комплект підставок під авто 3т GTM T43001 2 шт (32768)
32773,В наявності,Прес пневмогідравлічний 40т GTM TY40002 з манометром (32773)
32774,В наявності,Прес пневмогідравлічний 50т GTM TY50001 з манометром (32774)
32915,В наявності,Домкрат гідравлічний 32т GTM TH93204 пляшковий одноштоковий
32916,В наявності,Домкрат гідравлічний 50т GTM TH95004 пляшковий одноштоковий
32917,В наявності,Домкрат гідравлічний 12т GTM TH91204 пляшковий одноштоковий
32918,В наявності,Домкрат гідравлічний пляшковий 2т GTM TF0202 двоштоковий
32919,В наявності,Домкрат гідравлічний пляшковий 4т GTM TF0402 двоштоковий
32920,В наявності,Домкрат гідравлічний пляшковий 6т GTM TF0602 двоштоковий
32921,В наявності,Домкрат гідравлічний пляшковий 10т GTM TH810001 двоштоковий
32922,В наявності,Домкрат гідравлічний пляшковий 12т GTM TH812001 двоштоковий
32923,В наявності,Домкрат гвинтовий ромбоподібний 1.5т GTM T10152-GS+S05+H07
32924,В наявності,Домкрат винтовой ромбовидний 2т GTM T10202-GS+H07 (32924)
32925,В наявності,Комплект підставок під авто 6т GTM T46001 2 шт (32925)
32926,В наявності,Комплект підставок під авто 10т GTM T410001 2 шт (32926)
32927,В наявності,Підставка під авто 12т GTM TRF3201 1 шт (32927)
32928,В наявності,Підставка під авто 12т GTM TRF3202 1 шт ( 32928)
32929,В наявності,Домкрат підкатний 3.5т GTM T83502 гідравлічний з педаллю (32929)
32934,В наявності,Стійка гідравлічна трансмісійна 0.5т GTM TEL05007 (32934)
32935,В наявності,Стійка гідравлічна трансмісійна 1т GTM TEL10001 ( 32935)
32938,В наявності,Прес пневмогідравлічний 75т GTM TY75021 з манометром (32938)
32953,В наявності,Домкрат підкатний низькопрофільний 3т GTM TZ830009 гідравлічний (32953)
32959,В наявності,"Верстат шиномонтажний GTM TRE-200 12-24"" 220В (TRE-200) (32959)"
32960,В наявності,"Верстат балансувальний GTM TRE-500 10-24"" 220В (TRE-500) (32960)"
32961,В наявності,"Верстат балансувальний GTM TRE-800 10-24"" 220В (TRE-800) (32961)"
32980,В наявності,Мийка високого тиску GTM LT407-2000A
330012100,В наявності,"Електричний садовий порохотяг-повітродув STARK LBV-30 (330012100) : 3000Вт, сміттєзбірник 40л"
33007,В наявності,Мийка високого тиску GTM LT505-2200B 170 бар (LT505-2200B)
33008,В наявності,Мийка високого тиску GTM LT707G-2500B
33009,В наявності,Мийка високого тиску GTM LT890G-3100B 190 бар (LT890G-3100B)
33148,В наявності,Підйомник автомобільний 2-х стійковий 4т 220В GTM QJY240C 220 з нижньою синхронізацією (QJY240C 220)
33149,В наявності,Підйомник автомобільний 2-х стійковий 4т 380В GTM QJY240C 380 з нижньою синхронізацією (QJY240C 380)
33150,В наявності,Підйомник автомобільний 2-х стійковий 4т 220В GTM QJY240D 220 з верхньою синхронізацією (QJY240D 220)
33151,В наявності,Підйомник автомобільний 2-х стійковий 4т 380В GTM QJY240D 380 з верхньою синхронізацією (QJY240D 380)
33152,В наявності,Підйомник автомобільний 2-х стійковий 5т 380В GTM QJY250DX 380 з верхньою синхронізацією (QJY250DX 380)
33153,В наявності,Підйомник автомобільний 2-х стійковий 6т 380В GTM QJY260DP 380 з верхньою синхронізацією (QJY260DP 380)
33178,В наявності,Мийка високого тиску GTM LT-19ME (33178)
3338,В наявності,Акумуляторний ударний гайкокрут GTM IS12/120BL (акум 2а 2шт і зарядка)
3339,В наявності,Акумуляторний ударний гайкокрут GTM IS18/320BL (акум 4а і зарядка)
3340,В наявності,"Потужна ручна дискова пилка GTM CS190/1600 : 1600 Вт, круг 190 мм, циркулярна пилка"
3341,В наявності,Акумуляторна ланцюгова пила GTM CS18/127BL + АКБ 18V 4Ah і ЗП (CS18/127BL KIT) (3341)
3342,В наявності,Акумуляторна ланцюгова пила GTM CS18/250BL без АКБ і ЗП (CS18/250BL) (3342)
33441,В наявності,Пускозарядний інверторний пристрій GTM CK-400
33442,В наявності,Пускозарядний інверторний пристрій GTM CK-600
33443,В наявності,Зарядний імпульсний пристрій GTM AK-5
33448,В наявності,Пускозарядний інверторний пристрій GTM CF-600
33469,В наявності,Мийка високого тиску GTM LT305-1800K
3400,В наявності,Акумуляторний перфоратор GTM RHC18/26BL (18В/каркас) (3400)
3400070,В наявності,Газонокосарка електрична Einhell GC-EM 1000/32 (3400070)
3400080,В наявності,Газонокосарка електрична EINHELL GC-EM 1600/37
3400090,В наявності,"Потужна газонокосарка електрична для трави Einhell GC-EM 1800/43 : 1800 Вт, ширина скошування 43 см, 800 м²"
3402022,В наявності,"Тример електричний 450Вт 2,7кг Einhell GC-ET 4530 Set (3402022)"
3402040,В наявності,Тример електричний EINHELL GC-ET 2522 (450Вт)
3403320,В наявності,Кущоріз електричний EINHELL GC-EH 6055/1 (3403320)
3403460,В наявності,Кущоріз електричний EINHELL GH-EH 4245 (3403460)
34042,В наявності,Генератор бензиновий 5 кВт GTM DK5500-L із вбудованим АВР 5.0/5.5 кВт (34042)
3405730,В наявності,Пластикові ножі для тримера Einhell GE-CT 18 Li - 20шт
34060,В наявності,Генератор бензиновий 7 кВт GTM DK7500-L із вбудованим АВР 7.0/7.5 кВт (34060)
3408001,В наявності,Акумуляторна міні повітродувка Einhell TE-CB 18/180 Li - Solo (без АКБ та ЗП)
3408001 4512097,В наявності,Акумуляторна міні повітродувка Einhell TE-CB 18/180 Li - Solo : з АКБ 18 V 2.5 Аh
3408035,В наявності,Потужний акумуляторний вентилятор Einhell GE-CF 18/2200 Li-Solo (без АКБ та ЗП)
3408035 4512097,В наявності,"Потужний акумуляторний вентилятор Einhell GE-CF 18/2200 Li-Solo : з АКБ 18V 2.5 Ah, 2200 об/хв, швидкість потоку 15 км/г"
3408071,В наявності,Вентилятор підлоговий акумуляторний Einhell GE-CF 18/320 P Li-Solo (18В/каркас)
3408071 4512097,В наявності,Вентилятор підлоговий акумуляторний Einhell GE-CF 18/320 P Li-Solo (2.5а і зарядка)
3408290,В наявності,Пила шабельна акумуляторна EINHELL GE-GS 18/150 Li-Solo (каркас/18В)
3408290 4512097,В наявності,"Акумуляторна обрізна пилка Einhell GE-GS 18/150 Li - Solo : з АКБ 18V 2.5Ah, лезо 150 мм, товщина різу 100 мм (3408290)"
3410365,В наявності,"Потужні ножиці акумуляторні для трави Einhell GC-CG 3,6/70 Li WT (3410365)"
3410382,В наявності,Ножиці акумуляторні Einhell GE-CG 18/1 Li-Solo (без АКБ та ЗП)
3410502,В наявності,Кущоріз акумуляторний Einhell GE-CH 1855/1 Li Solo (без АКБ та ЗП)
3410502 4512097,В наявності,Кущоріз акумуляторний EINHELL GE-CH 1855/1 Li-Solo (акум 2.5Ah і зарядка)
3410581,В наявності,Висоторіз акумуляторний (ланцюговий штанговий гілкоріз) Einhell GC-LC 18/20 Li T-Solo (без АКБ та ЗП)
"3410581, 4512097",В наявності,Висоторіз акумуляторний (ланцюговий штанговий гілкоріз) Einhell GC-LC 18/20 Li T-Solo + 2.5Ah акум і зарядка (3410581)
3410800,В наявності,"Висоторіз-кущоріз акумуляторний Einhell GE-HC 18 Li T- Solo : без АКБ 18V , довжина шини/ножа 45см/40см,телескопічний"
3410800 4512042,В наявності,"Висоторіз-кущоріз акумуляторний Einhell GE-HC 18 Li T- Solo : з АКБ 18V 4.0Ah, довжина шини/ножа 45см/40см,телескопічний"
3410810,В наявності,Висоторіз акумуляторний Einhell GE-LC 18 LI T Solo (3410810)
"3410810, 4512097",В наявності,"Висоторіз акумуляторний Einhell GE-LC 18 Li T Solo : з АКБ 18V 2.5Ah+ЗП, шини 20 см"
3410965,В наявності,Кущоріз акумуляторний Einhell GE-CH 36/61 Li-Solo без АКБ 3410965
3410965 4512098,В наявності,Кущоріз акумуляторний Einhell GE-CH 36/61 Li-Solo з АКБ 2шт-18 V 3.0Ah (3410965 4512098)
3411104,В наявності,Акумуляторний тример Einhell GC-CT 18/24 Li P Solo (без АКБ та ЗП)
"3411104, 4512097",В наявності,Акумуляторний тример Einhell GC-CT 18/24 Li P Solo (3411104 4512097)
3411123,В наявності,Тример акумуляторний Einhell GC-CT 18/24 Li - Solo : без АКБ (3411123)
3411123 4512042,В наявності,Тример акумуляторний EINHELL GC-CT 18/24 Li-Solo (4а і зарядка)
3411123 4512097,В наявності,"Тример акумуляторний Einhell GC-CT 18/24 Li - Solo : з АКБ 18V 2,5 Аh"
3411250,В наявності,Тример акумуляторний EINHELL GE-CT 18/30 Li-Solo
3411270,В наявності,Тример акумуляторний Einhell GE-CT 18/33 Li E-Solo (каркас/ 18В)
"3411270, 4512042",В наявності,Тример акумуляторний Einhell GE-CT 18/33 Li E (4а і зарядка)
3411310,В наявності,Тример-коса акумуляторний Einhell AGILLO 18/200 (без АКБ та ЗП)
3411310 4512042,В наявності,Тример-коса акумуляторний Einhell AGILLO 18/200 : з АКБ 18 V 4.0Ah+ЗП
3413054,В наявності,Газонокосарка акумуляторна EINHELL GE-CM 36/48 Li M-Solo
3413054 4512042-2,В наявності,Газонокосарка акумуляторна Einhell GE-CM 36/48 Li M (акум 4.0Ah і зарядка 2шт)
3413256,В наявності,Газонокосарка акумуляторна Einhell GE-CM 18/32 Li - Solo (без АКБ та ЗП)
"3413256, 4512042",В наявності,"Професійна газонокосарка акумуляторна Einhell GE-CM 18/32 Li - Solo : з АКБ 18V 4,0 Ah, 32см ширина, 350 кв. м. безщіткова"
"3413256, 4512114",В наявності,Газонокосарка акумуляторна Einhell GE-CM 18/32 Li - Solo : 1акум 5.2 ампера + зарядка
3414129,В наявності,Потужна ручна газонокосарка Einhell GC-HM 400
3415,В наявності,Акумуляторний ударний шурупокрут GTM DSI18/60BL (без акума і зарядки)
3415238,В наявності,"Розкидувач насіння і добрив Einhell GC-SR 12 : робоча ширина 0.45 м, об`єм 12 л (3415238)"
3415410,В наявності,Розкидач-сівалка акумуляторний EINHELL GE-US 18 Li-Solo
3420640,В наявності,Потужний скарифікатор електричний Einhell GC-SA 1231/1
3420690,В наявності,"Потужний скарифікатор аератор електричний Einhell GE-SA 1435/1: 1400 Вт, ширина обробки 35 см, для газонів S=500 м² (3420690)"
3424050,В наявності,Акумуляторний очищувач швів Einhell GE-CC 18 Li - Solo (без АКБ та ЗП)
3425210,В наявності,Садовий обприскувач акумуляторний Einhell GE-WS 18/35 Li-Solo (без АКБ та ЗП)
"3425210, 4512097",В наявності,Садовий обприскувач акумуляторний Einhell GE-WS 18/35 Li-Solo
3425220,В наявності,"Потужний садовий обприскувач акумуляторний Einhell GE-WS 18/75 Li-Solo : без АКБ, тиск 3,5 бар, бак 8,2 л (3425220)"
3425220 4512097,В наявності,"Потужний садовий обприскувач акумуляторний Einhell GE-WS 18/75 Li-Solo : з АКБ 18V 2,5 Ah, тиск 3,5 бар, бак 8,2 л"
3425230,В наявності,"Потужний садовий обприскувач акумуляторний високого тиску Einhell GE-WS 18/15 : без АКБ, тиск 4.5 бар, бак 17 л (3425230)"
3425230K,В наявності,Садовий обприскувач акумуляторний високого тиску Einhell GE-WS 18/15 (акум 2.5 Ah і зарядка)
3425240,В наявності,"Потужний садовий розпилювач акумуляторний Einhell GE-WS 18/10 Li - Solo : без АКБ, тиск 1,3 бар, бак 1,1 л (3425240)"
3425240 4512097,В наявності,"Потужний садовий розпилювач акумуляторний Einhell GE-WS 18/10 Li - Solo : з АКБ 18V 2,5 Ah, тиск 1,3 бар, бак 1,1 л (3425240)"
3430330,В наявності,Подрібнювач садовий EINHELL GC-KS 2540 (40мм/ножі)
3430620,В наявності,"Садовий подрібнювач (шредер) Einhell GC-RS 2540 : 2500 Вт, 40 об/хв, 11кг"
3431040,В наявності,"Електричний культиватор (електрокультиватор) Einhell GC-RT 1440 M : 1400 Вт, ширина 40см, садовий культиватор 3431040"
3431050,В наявності,Культиватор електричний Einhell GC-RT 7530
3431200,В наявності,"Потужний культиватор акумуляторний Einhell GE-CR 30 Li - Solo : 18B, 30см ширини, 11.7 кг (3431200)"
"3431200,4512042-2 шт.",В наявності,"Потужний культиватор акумуляторний Einhell GE-CR 30 Li - Solo : 18B, 30см ширини, 11.7 кг (3431200)"
3431210,В наявності,"Потужний культиватор акумуляторний Einhell GE-CR 18/20 Li E Solo : 18V, без АКБ, 20 см ширини, вага 3.85 кг, 3431210"
3431210 4512042,В наявності,Культиватор акумуляторний Einhell GE-CR 18/20 Li E Solo (акум 4а і зарядка)
"3431210, 4512097",В наявності,"Потужний культиватор акумуляторний Einhell GE-CR 18/20 Li E Solo : 18V, 2.5 Ah з АКБ + ЗП, вага 3.85 кг"
"3431210, 4512114",В наявності,"Потужний культиватор акумуляторний Einhell GE-CR 18/20 Li E Solo : 18V, 5,2 Ah з АКБ + ЗП, вага 3.85 кг, 3431210, 4512114"
3433320,В наявності,Порохотяг садовий електричний EINHELL GC-EL 3000 E
3433370,В наявності,Порохотяг садовий електричний EINHELL GC-EL 3024 E
3433542,В наявності,"Повітродувка Einhell GE-UB 18/250 Li E - Solo : без АКБ, 15000 об/хв, макс. продуктивність 120 м3/год (3433542)"
3433542 4512097,В наявності,Повітродувка Einhell GE-UB 18/250 Li E - Solo : з АКБ 18V 2.5Ah і зарядне
3433625,В наявності,Садовий пилосос акумуляторний Einhell VENTURRO 18/210 (без акума і зарядки)
3433625 4512097,В наявності,"Садовий пилосос акумуляторний Einhell VENTURRO 18/210 : з АКБ 18V 2.5Ah, 500 м3/г (8,3 м3/хв)"
3433630,В наявності,Садовий пилосос акумуляторний Einhell GE-LB 36/230 Li E - Solo (без АКБ та ЗП)
3437100,В наявності,"Потужний акумуляторний пристрій для миття вікон Einhell BRILLIANTO : без АКБ, ширина насадки 280 мм (3437100)"
3437100 4512097,В наявності,"Потужний акумуляторний пристрій для миття вікон Einhell BRILLIANTO : з АКБ 18 V 2.5 Ah+ЗП, ширина насадки 280 мм (3437100)"
3437110,В наявності,"Потужна швабра акумуляторна Einhell CLEANEXXO : без АКБ, ширина щітки 29 см, 450 об/хв (3437110)"
3437110 4512097,В наявності,"Потужна швабра акумуляторна Einhell CLEANEXXO : з АКБ 18V 2,5Аh, ширина щітки 29 см, 450 об/хв (3437110)"
34575,В наявності,Генератор інверторний 8.5 кВт GTM DK9000Xi з електростартом 8.5/9.0 кВт (34575)
351106,В наявності,"Будівельний фен Steinel HL 1620 S: 1600Вт, 240/450 л/хв.,2 швидкості 300° та 500°C, легкий 670 г, Німеччина"
3515,В наявності,Акумуляторний ударний гайкокрут GTM IS18/320BL без АКБ і ЗП у кейсі (3515)
3516,В наявності,Акумуляторна ланцюгова пила GTM CS18/127BL (18В/каркас) (3516)
3554,В наявності,Пила торцювальна з протяжкою GTM HM1046 (255мм)
35L250,В наявності,Шліфмашина для стін Leomix LT-225 (35L250)
35L320,В наявності,"Штроборіз електричний (бороздник) Leomix SD-150A 35L320 : 2400 Вт, 4.3см глибини, кейс (бетоноріз)"
3601JH5100,В наявності,"Акумуляторний ударний шуруповерт Bosch GSB 18V-50 3601JH5100 : з АКБ 2 шт-18V 2.0Ah, 50Hm"
3607,В наявності,Акумуляторна ланцюгова пила GTM CS18/250BL (акум 4а і з)
36083,В наявності,Вібротрамбовка бензинова GTM GR60-DK
3639,В наявності,Зарядний пристрій GTM Ch18V/4АDP для 2 акумуляторів 18 В (Ch18V/4АDP)
36408,В наявності,Затиральна машина GTM GT46-LC бензинова однороторна
36418,В наявності,Глибинний вібратор по бетону GTM X-MAN (810107)
36473,В наявності,Дриль алмазного буріння GTM BMK-176/2GPDB (з мікроударом)
36475,В наявності,Плиткоріз GTM ST1201M електричний (1200 мм)
36480,В наявності,Плиткоріз з автоподачею GTM AL1801A електричний (36480)
36489,В наявності,Вібротрамбовка бензинова GTM GR75-DK
36495,В наявності,Плиткоріз електричний з автоподачею GTM ST1201A
36496,В наявності,Затиральна машина GTM GT24-LC бензинова однороторна
36534,В наявності,"Швонарізчик бензиновий GTM GF14-LC, диск 350 мм, глибина різу 110 мм, 6,5 к. с."
36551,В наявності,"Швонарізчик бензиновий GTM GF16-LC, диск 400 мм, глибина різу 140 мм, 13 к. с."
36556,В наявності,"Швонарізчик бензиновий GTM GF20-LC, диск 500 мм, глибина різу 190 мм, 13 к. с."
36559,В наявності,"Реверсивна віброплита GTM GPC330-LCRH, 40 кН, Loncin 13 к.с., плита 835×680 мм"
36568,В наявності,Затиральна машина GTM GRT36-H бензинова двороторна (36568)
36576,В наявності,Затиральна машина GTM GT24-E електрична однороторна (GT24-E) 36576
36578,В наявності,Дриль алмазного буріння GTM BMK-260AC (з стійкою/з нахилом)
36582,В наявності,Затиральна машина GTM GT36-E електрична однороторна (GT36-E) 36582
366795,В наявності,Електрична теплова гармата Vulkan SL-TSE-50G : 5кВт (366795)
366796,В наявності,"Електричний тепловентилятор Vulkan SL-TSE-20C : 2000 Вт, 20 кв.м (366796)"
368115,В наявності,Плиткоріз ручний 1200мм SHIJING 3052 (монорейковий/з лазером)
37182,В наявності,Дриль алмазного буріння GTM BMK-202AC (з стійкою/з нахилом)
37243,В наявності,"Стрем'янка одностороння GTM KMH0104 алюмінієва, 4 сходинки 790 мм (KMH0104)"
3727211,В наявності,"Нівелір лазерний самовирівнюючий на 360 градусів 3D SIGMA 30м, осепостроітель зелений лазер 3727211"
3727251,В наявності,"Нівелір лазерний самовирівнюючий 16 ліній 4D SIGMA 30м, осепостроітель зелений лазер 3727251"
3727411,В наявності,Професійний лазерний далекомір (дальномір) SIGMA : 50м електронна лазерна рулетка 3727411
3733,В наявності,Шліфмашина кутова 125мм GTM AGK125/1400VSH
37362,В наявності,Вал гнучкий GTM XT 3M для глибинного вібратора GTM X-MAN (820105)
37363,В наявності,Вал гнучкий GTM XT 4M для глибинного вібратора GTM X-MAN (820106)
3737,В наявності,Шліфмашина ексцентрикова GTM OSK125/300H
37371,В наявності,"Стрем'янка одностороння GTM KMH0102 алюмінієва, 2 сходинки 390 мм (KMH0102)"
37374,В наявності,"Стрем'янка одностороння GTM KMH0103 алюмінієва, 3 сходинки 600 мм (KMH0103)"
37377,В наявності,Вал гибкий GTM XT 5M для глубинного вибратора GTM X-MAN (820107)
37392,В наявності,Вал гнучкий GTM XT 6M для глибинного вібратора GTM X-MAN (820108)
37422,В наявності,"Потужна дриль алмазного свердління з мікроударом GTM OND-916PD-G : 2300 Вт, 1700 об/хв, патрон 1 1/4"" (37422)"
37432,В наявності,Вібробулава GTM XP 38 для глибинного вібратора GTM X-MAN (830122)
37434,В наявності,Вібробулава GTM XP 48 для глибинного вібратора GTM X-MAN (830125)
37440,В наявності,Вібробулава GTM XP 58 для глибинного вібратора GTM X-MAN (830126)
3751,В наявності,Плиткоріз ручний 1200мм SHIJING 3751-1200 (монорейковий/з лазером)
37514,В наявності,Вал гнучкий GTM XT 2M для глибинного вібратора GTM X-MAN (820104)
37620,В наявності,Драбина-трансформер телескопічна GTM KMP403D 4*3 алюмінієва : 4секції / 3сходинки (37620)
37621,В наявності,Драбина-трансформер телескопічна GTM KMP404D 4*4 алюмінієва : 4секції / 4сходинки (37621)
37622,В наявності,Драбина-трансформер телескопічна GTM KMP405D 4*5 алюмінієва : 4секції / 5сходинки (37622)
37687,В наявності,Тельфер електричний 125/250кг FORTE FPA 250 (540Вт)
37789,В наявності,"Стрем'янка одностороння GTM KMH0105BP алюмінієва, 5 сходинок 1090 мм (KMH0105BP)"
3821735,В наявності,Рулетка 5м GRAD 3821735 (19мм/автостоп)
38625,В наявності,"Стрем'янка одностороння GTM KMH0105 алюмінієва, 5 сходинок 990 мм (KMH0105)"
3891,В наявності,Міксер GTM MX-60/1200 (1200Вт.)
38910,В наявності,Установка алмазного буріння GTM DK-250/2 з вертикальною стійкою
38912,В наявності,Установка алмазного буріння GTM DK-182 зі стійкою
3892,В наявності,Міксер GTM MX-80/1400 (1400Вт/2шв.)
39103,В наявності,Драбина-трансформер GTM KMP403A 4*3 алюмінієва
39136,В наявності,Драбина-трансформер GTM KMP404A 4*4 алюмінієва
39138,В наявності,Драбина-трансформер GTM KMP405A 4*5 алюмінієва
39271,В наявності,Дриль алмазного буріння GTM DK-160/2PD з мікроударом у кейсі
39286,В наявності,Вібратор глибинний високочастотний GTM X-RAY 38 для бетону
39287,В наявності,Вібратор глибинний високочастотний GTM X-RAY 50 для бетону
39288,В наявності,Вібратор глибинний високочастотний GTM X-RAY 58 для бетону
3929,В наявності,Перфоратор мережевий GTM RH26/800V
3931,В наявності,Перфоратор мережевий GTM RH30/900MV
3932,В наявності,Перфоратор мережевий GTM RH34/1100MV
39414,В наявності,Відбійний молоток пневматичний GTM G20 МОП-6
39415,В наявності,Відбійний молоток пневматичний GTM G10 МОП-3
39416,В наявності,Відбійний молоток пневматичний GTM G15 МОП-4
39447,В наявності,Бензоріз бензиновий GTM GT7208S
39653,В наявності,Плиткоріз електричний GTM TSW230N-920 з водяним охолодженням
39655,В наявності,Плиткоріз електричний GTM TSW200G-620
39696,В наявності,"Стрем'янка двостороння GTM KMH1203 алюмінієва, 3 сходинки (KMH1203)"
39697,В наявності,"Стрем'янка двостороння GTM KMH1204 алюмінієва, 4 сходинки (KMH1204)"
39698,В наявності,"Стрем'янка двостороння GTM KMH1205 алюмінієва, 5 сходинок (KMH1205)"
39699,В наявності,"Стрем'янка двостороння GTM KMH1206 алюмінієва, 6 сходинок (KMH1206)"
39942,В наявності,Драбина алюмінієва трисекційна GTM KME306 3x6 сходинок 1.64-3.26м (KME306)
39945,В наявності,Драбина алюмінієва трисекційна GTM KME308 3x8 сходинок 2.18-4.88м (KME308)
39946,В наявності,Драбина алюмінієва трисекційна GTM KME309 3x9 сходинок 2.45-5.69м (KME309)
39948,В наявності,Драбина алюмінієва трисекційна GTM KME311 3x11 сходинок 2.99-7.31м (KME311)
3S1000-9030w,В наявності,Насос глибинний POWERCRAFT 3S 1000-9030w (шнековий)
3V100-6043w+15м кабель,В наявності,Насос глибинний POWERCRAFT 3V 100-6043w (крильчатка)
4.730-059.0,В наявності,Водяний фільтр Karcher (4.730-059.0)
4020460,В наявності,Компресор гібридний Einhell PRESSITO - Solo
40Т ніж,В наявності,Ніж победітовий до косарки 40-Т з победітовими напайками та додатковими лезами 255мм - 25.4 мм 40 зубів
411231,В наявності,Мішок для порохотяга STARMIX FBV 25-35 (25-35л/мікроволокно/уп.5шт.)
4133330,В наявності,Шліфмашина ексцентрикова пневматична EINHELL TC-PE 150
4137790,В наявності,Степлер пневматичний для скоб і цвяхів (нейлер) Einhell TC-PN 50
4138960,В наявності,Гайкокрут пневматичний EINHELL TC-PW 610 (610Нм)
4138965,В наявності,"Професійний гайковерт пневмичний Einhell TC-PW 610 Compact : 610 Hm, 142 л/хв, пневмо гайковерт 4138965"
4139180,В наявності,"Пневматична тріскачка, набір торцевих головок 1/2"" Einhell TC-PR 68"
4140160,В наявності,Мийка високого тиску акумуляторна EINHELL Hypresso 36/105 (18В/каркас)
41715,В наявності,Висоторіз електричний VITALS Master EA 7125s (710Вт/320см)
4180400,В наявності,Насос садовий аккумуляторний Einhell AQUINNA 36/30 (без АКБ та ЗП)
4181530,В наявності,Насос дренажний EINHELL GC-DP 3325
4250715,В наявності,Свердлильний верстат Einhell TE-BD 750 E New
4257795,В наявності,"Степлер для цвяхів акумуляторний FIXETTO 18/50 N : без АКБ, довжина/товщина цвяху 15-50мм/1 мм (4257795)"
4257795 4512042,В наявності,"Степлер для цвяхів акумуляторний FIXETTO 18/50 N : з АКБ 18V 4.0Ah, довжина/товщина цвяху 15-50мм/1 мм"
4257800,В наявності,Степлер акумуляторний Einhell TE-CN 18/32 Li - Solo (18В/каркас)
4257890,В наявності,Степлер електричний (цвяхозабивний) електростеплер Einhell TC-EN 20 E
4258478,В наявності,Перфоратор електричний Einhell TH-RH 1600 (4258478)
4258760,В наявності,"Акумуляторний будівельний міксер для розчину Einhell TE-MX 18 Li - Solo : 18В, 620 об/хв, 1.9 кг 4258760 (без АКБ та ЗП)"
"4258760, 4512097",В наявності,Акумуляторний будівельний міксер для розчину Einhell TE-MX 18 Li - Solo + 2.5а і зарядка
4258770,В наявності,"Потужний акумуляторний будівельний міксер-мішалка Einhell TP-MX 18-2 Li BL - Solo : без АКБ, 720 об/хв, 60 Нм"
4258770 4512097,В наявності,"Потужний акумуляторний будівельний міксер-мішалка Einhell TP-MX 18-2 Li BL - Solo : з АКБ 18V 2.5Ah, 720 об/хв, 60 Нм"
4259930,В наявності,Шліфмашина для стін і стелі Einhell TC-DW 225
4259945,В наявності,Потужна шліфмашина для стін Einhell TC-DWS 225 : шліфувальна поверхня 225 мм (4259945)
4260010,В наявності,"Електричний фарборозпилювач (краскопульт) для фарбування стін Einhell TC-SY 500P : 500 Вт, 550 мл/хв, 60 DIN пульверизатор 4260010"
4260015,В наявності,Електричний фарборозпилювач (краскопульт) для фарбування стін Einhell TC-SY 600 S
4260020,В наявності,Електричний фарборозпилювач (краскопульт) для фарбування стін Einhell TC-SY 700 S
4270251,В наявності,Кутник магнітний 4кг SIGMA 4270251 (уп.4шт.)
4300390,В наявності,Торцювальна пила Einhell TC-SM 2131/2 Dual (4300390)
4300805,В наявності,Пила торцювальна Einhell TC-SM 2531/2 U
4300890,В наявності,Пила торцювальна акумуляторна Einhell TE-MS 18/210 Li - Solo (4300890)
4308018,В наявності,Стрічкова пила EINHELL TC-SB 200/1 New
4308035,В наявності,"Професійна стрічкова пила Einhell TC-SB 245 L : 400 Вт, 1450 об/хв, 726 м/хв (4308035)"
4309040,В наявності,Лобзиковий верстат Einhell TC-SS 405 E
4321145,В наявності,"Професійний електричний ручний лобзик (електролобзик) Einhell TC-JS 80/1 : 550 Вт, 3000 об/хв, глибина різу 80мм (4321145)"
4321200,В наявності,Акумуляторний ручний лобзик Einhell TE-JS 18 Li Solo (без АКБ та ЗП)
4321200 4511502 4512103,В наявності,Акумуляторний ручний лобзик Einhell TE-JS 18 Li (4-6а і з)
4321200 4512042,В наявності,Акумуляторний ручний лобзик Einhell TE-JS 18 Li (4а і з)
4321200 4512097,В наявності,Акумуляторний ручний лобзик Einhell TE-JS 18 Li (2.5а і з)
4321209,В наявності,Акумуляторний ручний лобзик Einhell TC-JS 18 Li - Solo : 18 В (без АКБ та ЗП) 4321209
4321209 4512042,В наявності,Акумуляторний ручний лобзик Einhell TC-JS 18 Li (4а і з)
"4321209, 4512097",В наявності,Акумуляторний ручний лобзик Einhell TC-JS 18 Li - Solo : 18 В (акум 2.5 ампера і зарядка) 4321209
4321260,В наявності,Акумуляторний ручний лобзик Einhell TP-JS 18/135 Li BL - Solo : без АКБ/КАРКАС (4321260)
4321260 4512097,В наявності,"Акумуляторний ручний лобзик Einhell TP-JS 18/135 Li BL - Solo : з АКБ 18В 2,5Ah"
4326141,В наявності,Пила шабельна EINHELL TC-AP 650 E (4326141)
4326170,В наявності,Електрична сабельна пила по дереву і металу (електроножівка) Einhell TE-AP 750 E : 750 Вт шабельна пила (4326170)
4326290,В наявності,Пила сабельная аккумуляторная Einhell TE-AP 18/26 Li - Solo (без АКБ та ЗП)
"4326290, 4512097",В наявності,"Пила сабельная аккумуляторная Einhell TE-AP 18/26 Li - Solo : 18V 2,5 Ah з АКБ + ЗП"
4326300,В наявності,Пила шабельна Einhell TE-AP 18 Li Solo (4326300)
"4326300, 4512097",В наявності,Потужна акумуляторна шабельна пила Einhell TE-AP 18 Li Solo : 18B (акум 2.5 ампера і зарядка)
4326310,В наявності,Пила шабельна акумуляторна Einhell TE-AP 18/28 Li BL - Solo (без АКБ та ЗП)
4326310 4512042,В наявності,"Пила шабельна акумуляторна Einhell TE-AP 18/28 Li BL - Solo: з АКБ 18V 4.0Ah, безщітковий двигун, 2500 об/хв"
4326310 4512114,В наявності,"Пила шабельна акумуляторна Einhell TE-AP 18/28 Li BL - Solo: з АКБ 18V 5.2Ah, безщітковий двигун, 2500 об/хв"
4331100,В наявності,Акумуляторна минипила дискова (роторайзер) Einhell TE-CS 18/89 Li-Solo (без АКБ та ЗП)
4331100 4512097,В наявності,"Акумуляторна минипила дискова (роторайзер) Einhell TE-CS 18/89 Li-Solo : з АКБ 18V 2.5Ah, 3500об/хв, диск Ø89мм,глибина різу 28мм"
4331210,В наявності,Пила циркулярна акумуляторна Einhell TE-CS 18/190 Li-Solo New (без АКБ та ЗП)
4340490,В наявності,Потужна стаціонарна циркулярна пила Einhell TC-TS 2025/2 U
4350425,В наявності,Фрезер безщітковий Einhell Professional TP-RO 18/55 Li BL-Solo (18В/каркас)
4350470,В наявності,Електричний ручний столярний фрезер по дереву Einhell TC-RO 1155 E
4350620,В наявності,Фрезер ламельний EINHELL TC-BJ 900
4412632,В наявності,Верстат для заточки (точило) Einhell TC-BG 150
4412633,В наявності,Точило Einhell TC-BG 200 L (4412633) з LED підсвічуванням
4412634,В наявності,Точильно-шліфувальний верстат Einhell TC-BG 150 B
4419360,В наявності,"Потужний гравер акумуляторний Einhell TE-MT 18/34 Li Solo : без АКБ, набір насадок 55 шт (4419360)"
4419816,В наявності,"Набір шліфстрічок до Einhell TE-BF 18 Li, 9x457 мм, 35 шт (4419816)"
4430619,В наявності,Шліфмашина кутова 125мм EINHELL TC-AG 125 (4430619)
4431155,В наявності,Акумуляторна кутова шліфмашина Einhell TP-AG 18/125 CE Q Li - Solo (без акума і зарядки)
"4431155, 4512097",В наявності,Акумуляторна кутова шліфмашина Einhell TP-AG 18/125 CE Q Li - Solo з АКБ
4431160,В наявності,Акумуляторна кутова шліфмашина Einhell AXXIO 36/230 Q - Solo (без АКБ та ЗП)
"4431160, 4512112",В наявності,Болгарка акумуляторна Einhell AXXIO 36/230 Q + 4а 2шт і зарядка
4432000,В наявності,Акумуляторна міні-відрізна машинка Einhell Professional TP-CO 18/76-C Li BL-Solo : без АКБ (4432000)
4440470,В наявності,Диск відрізний алмазний 76*10мм турбо EINHELL 4440470
4460560,В наявності,Потужна дельташліфмашина Einhell TE-OS 1320
4460620,В наявності,Потужна шліфмашина Einhell TE-OS 2520 E
4460725,В наявності,Шліфмашина Einhell TC-OS 18/187 Li Solo (без АКБ та ЗП)
4462010,В наявності,Ексцентрикова шліфмашина Einhell TE-RS 18 Li - Solo (без АКБ та ЗП)
"4462010,4512097",В наявності,Ексцентрикова шліфмашина Einhell TE-RS 18 Li - Solo : 18V (акум 2.5 ампера + зарядка)
4465155,В наявності,Реноватор багатофункціональний інструмент Einhell TE-MG 350 EQ (4465155)
4466154,В наявності,Точило дисково-стрічкове (точило-гріндер) Einhell TC-US 350
4499910,В наявності,"Потужний електричний станок для заточки ланцюгів Einhell GC-CS 235 E : 235 Вт, 3000 об/хв, розмір диска 145х22х3,2 мм (4499910)"
4499920,В наявності,Електричний станок для заточки ланцюгів Einhell GC-CS 85 E New
4501240,В наявності,Висоторіз електричний Einhell GC-EC 7520 T
4501760,В наявності,Ланцюгова пила акумуляторна Einhell GE-LC 18 Li Kit : (акум 3а і зарядка)
4502128,В наявності,Професійний набір дисків до роторайзера (4502128)
4504216,В наявності,Пила стрічкова акумуляторна Einhell TE-MB 18/127 Li - Solo (без АКБ та ЗП)
4504216 4512097,В наявності,Потужна пила стрічкова акумуляторна Einhell TE-MB 18/127 Li - Solo : з АКБ і ЗП
4510030,В наявності,Ударна викрутка безщіткова Einhell TE-CI 18 Li BL-Solo New (без АКБ та ЗП)
"4510030, 4512097",В наявності,Ударна викрутка безщіткова Einhell TE-CI 18 Li BL-Solo : (акум 2.5 ампера і зарядка) 4510030
4510055,В наявності,Гайкокрут акумуляторний EINHELL TP-CW 18/350-C Li BL-Solo
4510065,В наявності,Ударний гайковерт акумуляторний Einhell Professional TP-CW 18/750-C Li BL-Solo (без АКБ и ЗП) 4510065
4510065 4512042,В наявності,"Ударний гайковерт акумуляторний Einhell Professional TP-CW 18/750-C Li BL-Solo (з АКБ 18V 4,0Ah і ЗП)"
4510085,В наявності,Ударна викрутка Einhell TP-CI 18/220 Li BL-Solo (18В/каркас)
4510090,В наявності,Ударний гайковерт акумуляторний Einhell Professional TP-CW 18/260-C Li BL - Solo (без АКБ и ЗП) 4510090
4510090 4512042,В наявності,"Ударний гайковерт акумуляторний Einhell Professional TP-CW 18/260-C Li BL - Solo (з АКБ 18V 4,0Ah)"
4510095,В наявності,Ударна викрутка Einhell Professional TP-CI 18/250-C Li BL - Solo : без АКБ (4510095)
4510095 4512097,В наявності,"Ударна викрутка Einhell Professional TP-CI 18/250-C Li BL - Solo : з АКБ 18V 2,5Ah (4510095 4512097)"
4511489,В наявності,Акумулятор Einhell Power-X-Change Twinpack 4.0 Ah 18V 2 шт.(4511489)
4511502,В наявності,Акумулятор Einhell Power-X-Change Plus 18V 4-6 Ah Multi-Ah (4511502)
4511526,В наявності,"Акумулятор Einhell Power-X-Change Twinpack 2x 18V 5,2 Ah (4511526)"
4511600,В наявності,Акумулятор Einhell Power-X-Change Plus 18V 5-8 Ah Multi-Ah (4511600)
4512042,В наявності,"Акумулятор і зарядний пристрій Einhell 18V 4,0 Ач Starter Kit Power-X-Change (4512042)"
4512097,В наявності,Зарядний пристрій і акумулятор Einhell 18V 2.5 Аh Starter Kit Power-X-Change
4512102,В наявності,Зарядний пристрій для 4-х акумуляторів Einhell 2x2 Power X-Quattrocharger 4А
4512114,В наявності,"Зарядний пристрій і акумулятор 18V 5,2 Аh Starter-Kit Einhell Power-X-Change"
4512147,В наявності,"Акумулятор і зарядний пристрій 18V 5,2 Аh Starter-Kit Einhell Power-X-Change (4512147)"
4513442,В наявності,Викрутка акумуляторна Einhell TC-SD 3.6 Li (4513442)
4513925,В наявності,Шуруповерт акумуляторний Einhell TE-CD 18/40 Li-Solo New (без АКБ та ЗП)
"4513925, 4512097",В наявності,"Шуруповерт акумуляторний Einhell TE-CD 18/40 Li-Sol : 18V ( 2,5 ампера акум і зарядка) 4513925, 4512097"
4513926,В наявності,Ударний шуруповерт Einhell TE-CD 18/48 Li-i-Solo 4513926 (без АКБ та ЗП)
"4513926, 4512097",В наявності,"Ударний шуруповерт Einhell TE-CD 18/48 Li-i-Solo + зарядний пристрій і акумулятор 18V 2,5 Ah"
4513942,В наявності,Ударний шуруповерт безщітковий Einhell TE-CD 18/50 Li-i BL Solo (без АКБ та ЗП)
4513942 4512097,В наявності,"Ударний шуруповерт безщітковий Einhell TE-CD 18/50 Li-i BL Solo : з АКБ і ЗП, 18V, 2,5 Аh,"
4514145,В наявності,Прожектор акумуляторний гібридний Einhell TE-CL 18/2500 LiAC-solo: без АКБ та зарядки
4514172,В наявності,Акумуляторний прожектор Einhell TP-CL 18/3000 Li - Solo : без АКБ; світловий потік 3000 lm (4514172)
4514172 4512097,В наявності,Акумуляторний прожектор Einhell TP-CL 18/3000 Li - Solo : з АКБ 18V 2.5Ah; світловий потік 3000 lm (4514172)
4514305,В наявності,Акумуляторний ударний шуруповерт безщітковий Einhell TP-CD 18/80 Li-i BL - Solo : без АКБ (4514305)
4514305 4512097,В наявності,Акумуляторний ударний шуруповерт безщітковий Einhell TP-CD 18/80 Li-i BL - Solo : з АКБ 18В 2.5 Ah
4514310,В наявності,Шурупокрут акумуляторний EINHELL TP-CD 18/120 Li i BL-Solo
4514310 4512097,В наявності,Шуруповерт акумуляторний безщітковий TP-CD 18/120 Li-i BL - Solo (акум 2.5а і зарядка)
4514320,В наявності,Гайкокрут акумуляторний кутовий EINHELL TE-RW18/60Li Solo
4520179,В наявності,"Професійний промисловий фен (будівельний фен) Einhell TH-HA 2000/1 : 2 кВт, 550 градусів (4520179)"
4520500,В наявності,Фен акумуляторний Einhell TE-HA 18 Li - Solo (без АКБ та ЗП)
4520500 4512042,В наявності,"Фен акумуляторний Einhell TE-HA 18 Li - Solo: з АКБ18 V 4.0 Ah, 350°С / 550°С, 200л/хв.,вага 0.61 кг"
4520592,В наявності,Вертикально-свердлильний настільний верстат по дереву Einhell TC-BD 450
4520593,В наявності,Свердлильний верстат Einhell TC-BD 500
4520597,В наявності,"Потужний свердлильний верстат Einhell TC-BD 630/1 : 630 Вт, 1.5-16мм сверло (4520597)"
4522000,В наявності,Мобільна сверлильна стійка для дриля Wolfcraft tecmobil (4522000)
4530074,В наявності,Сумка для інструменту EINHELL Bag 45/29
4530078,В наявності,Сумка для інструменту EINHELL Bag 56/29
4540015,В наявності,Якісний пластиковий кейс Einhell E-Case Tower : навантаження до 120 кг (4540015)
459257,В наявності,Фільтр для порохотяга STARMIX FKP 4800 M Advanced (уп.2шт.)
4642000,В наявності,Набір для прихованих з'єднань Wolfcraft Undercover Jig (4642000) набір для збирання меблів
4688000,В наявності,"Кутовий адаптер для шуруповерта Wolfcraft 4688000 : 1/4, max. 400 об/хв, max. 13 Н•м, довжина 153 мм"
481014,В наявності,Рівень лазерний HUEPAR S04CG 481014 (4D/зелений/комплект №5)
48221962,В наявності,Ніж висувний 25мм MILWAUKEE Heavy Duty 48221962
48639,В наявності,Заглибний Насос свердловинний вихровий Vitals aqua 4DV 2032-1.3 rc
48894719,В наявності,"Свердло по металу 8.0мм HSS-G MILWAUKEE 48894719 (хвостовик Hex 1/4"")"
4932352465,В наявності,Набір свердл по дереву MILWAUKEE 4932362465 (5шт.)
4932352466,В наявності,Набір свердл по дереву MILWAUKEE 4932362466 (8шт.)
4932399540,В наявності,Диск відрізний алмазний 125*22мм сегментний MILWAUKEE DUH 125
4932451079,В наявності,Пристрій зарядний MILWAUKEE M12-18FC
4932459398,В наявності,Бітотримач 73мм MILWAUKEE ShW 4932459398 (з фіксатором)
4932459781,В наявності,Бітотримач MILWAUKEE 4932459781 (шарнірний/10 біт)
4932464240,В наявності,Набір біт MILWAUKEE 4932464240 (Impact/32шт.)
4932464260,В наявності,Акумулятор MILWAUKEE M18 HB12 HIGH OUTPUT™ 12.0 Ah (4932464260)
4932471070,В наявності,"Акумулятор Li-Ion HIGH OUTPUT MILWAUKEE, M18 H8 8Аг (4932471070)"
4932471096,В наявності,"Свердло універсальне 6мм MILWAUKEE 4932471096 (хвостовик Hex 1/4"")"
4932471104,В наявності,"Свердло універсальне 8мм MILWAUKEE 4932471104 (хвостовики Hex 1/4"")"
4932471107,В наявності,"Свердло універсальне 10мм MILWAUKEE 4932471107 (хвостовик Hex 1/4"")"
4932471807,В наявності,Набір викруток MILWAUKEE 4932471807 (6шт./Ph/Sl)
4932471808,В наявності,Набір викруток MILWAUKEE 4932471808 (10шт.)
4932471810,В наявності,Набір викруток MILWAUKEE 4932471810 (2шт./короткі)
4932471828,В наявності,"Перехідник з квадрата 1/2"" на біту MILWAUKEE 4932471828"
4932478562,В наявності,Точилка для ножів MILWAUKEE 4932478562
4932479553,В наявності,Бітотримач 75мм MILWAUKEE Quik-Lok 4932479553 (з фіксатором)
4932479897,В наявності,Набір стамесок MILWAUKEE 4932479897 (4шт.)
4932480941,В наявності,Набір біт MILWAUKEE 4932480941 (Impact/10шт.)
4932492004,В наявності,Набір біт та свердл MILWAUKEE 4932492004 (40шт.)
4932492811,В наявності,Набір викруток MILWAUKEE 4932492811 2шт (27 в 1/тріскачкаl)
4932493865,В наявності,"Набір свердл по металу HSS-G TiN 3.0-10.0мм MILWAUKEE RedHex 4932493865 (10шт./хвостовики Hex 1/4"")"
4932498768,В наявності,Рулетка 5м MILWAUKEE Magnetic Gen4 4932498768 (30мм)
4932498772,В наявності,Рулетка 5м MILWAUKEE Autolock 4932498772 (25мм)
4932498774,В наявності,Рулетка 8м MILWAUKEE Autolock Gen2 4932498774 (25мм)
4932498776,В наявності,Рулетка 3м MILWAUKEE Pro Compact Gen2 4932498776 (19мм)
4932498778,В наявності,Рулетка 5м MILWAUKEE Pro Compact New 4932498778 (25мм)
4932498782,В наявності,Рулетка 3м MILWAUKEE SlimLine Gen2 4932498782 (16мм)
4932499207,В наявності,Рулетка 5м MILWAUKEE Wide Blade Magnetic Gen2 4932499207 (35мм)
4932499209,В наявності,Рулетка 8м MILWAUKEE Wide Blade Magnetic Gen2 4932499209 (35мм)
4932501147,В наявності,Маркер MILWAUKEE 4932501147 (чорний/надтонкий довгий)
4932501154,В наявності,Маркер MILWAUKEE 4932501154 (чорний/двосторонній/тонкий-надтонкий)
4933368690,В наявності,Дриль алмазного буріння MILWAUKEE DD2-160XE (з мікроударом)
4933416550,В наявності,Труборіз акумуляторний MILWAUKEE C12 PPC-0 (12В/каркас)
4933419595,В наявності,Дриль двошвидкісний MILWAUKEE PD2E 24 R (4933419595)
4933433630,В наявності,"Професійна кутова шліфувальна машина Milwaukee AG 22-230 DMS (без блокування) : 2200Вт, 6600 об/хв, диск 230 мм"
4933441502,В наявності,"Акумуляторна болгарка MILWAUKEE 125 мм HD18 AG-125-0 без АКБ, 125мм диск (4933441502)"
4933459730,В наявності,"Гайкокрут акумуляторний MILWAUKEE M18 ONEFHIWF34-502X (2акум.18В 5Аг/зарядний/кейс/2034Нм/ 3/4"")"
4933459771,В наявності,Фен акумуляторний MILWAUKEE M18 BHG-0 (18В/каркас)
4933464405,В наявності,Заклепочник акумуляторний MILWAUKEE M12 BPRT-201X (1акум.12В 2Аг/зарядний C12 C/кейс)
4933464476,В наявності,"Гайкокрут акумуляторний безщітковий 1/4"" HEX MILWAUKEE M18 CBLID-0 180Нм (без АКБ)"
4933464580,В наявності,"Професійний перфоратор 3-режимний SDS PLUS PH 26 T MILWAUKEE : 800Вт, SDS-plus, 2,4 Дж, 4500 уд/хв, 1500 об/хв"
4933478450,В наявності,"Гайковерт високомоментний MILWAUKEE 1/2"" (881 Нм) з кільцем M18 FMTIW2F12-502X (з АКБ 18V 2шт-5 Ah+ЗП)"
4933478597,В наявності,"Різьбонарізний акумуляторний інструмент MILWAUKEE, M18 FUEL FPT2-121C, 2''"
4933479678,В наявності,Пила ланцюгова акумуляторна MILWAUKEE M18 FCHS35-0 (18В/каркас/35см)
4933480738,В наявності,Камера інспекційна MILWAUKEE AIC2 (4933480738)
4933480874,В наявності,Набір акумуляторний MILWAUKEE M18 FPP6E3-502B (M18 FPD3/M18 FID3/M18 CCS55/M18 FSZ/M18 FSAG125X/M18 TLED/2акум.18В 5Аг/зарядний/сумка)
4933492528,В наявності,Професійний набір інструментів акумуляторних безщіткових M18 FPP4G3-553XEU FUEL Milwaukee
4933492643,В наявності,Шліфмашина кутова акумуляторна MILWAUKEE M18 BLSAG125X-0 (18В/каркас)
4933493208,В наявності,Набір акумуляторний MILWAUKEE M12 FPP2OP2-642 (пила ланцюгова FHS-0/кущоріз FHT20-02/2акум.12В 4Аг+6Аг/зарядний)
4933493454,В наявності,Гайкокрут акумуляторний MILWAUKEE M12 FCIWF12G3-0 (12В/каркас/746Нм)
4933498056,В наявності,Гайкокрут акумуляторний MILWAUKEE M18 FHIW2F12-0 (18В/каркас/2034Нм)
4933498060,В наявності,Шурупокрут акумуляторний MILWAUKEE M18 FPD3-0 (18В/каркас/ударний/158Нм)
4933499164,В наявності,"Гайкокрут акумуляторний MILWAUKEE M18 ONEFHIWF34-0 (18В/каркас/2034Нм/ 3/4"")"
49565090,В наявності,"Коронка Bi-Metal MILWAUKEE, діаметр 19мм (без блістера) 49565090"
49565100,В наявності,"Коронка Bi-Metal MILWAUKEE, діаметр 22мм (без блістера) 49565100"
49565140,В наявності,"Коронка Bi-Metal MILWAUKEE, діаметр 35мм (без блістера) 49565140"
49565152,В наявності,"Коронка Bi-Metal MILWAUKEE, діаметр 41мм (без блістера) 49565152"
49565169,В наявності,"Коронка Bi-Metal MILWAUKEE, діаметр 60мм (без блістера) 49565169"
49565178,В наявності,"Коронка Bi-Metal MILWAUKEE, діаметр 68мм (без блістера) 49565178"
4S700-9433w,В наявності,Насос глибинний POWERCRAFT 4S 700-9433w (шнековий)
4SKM 1000-6154rcw+15м каб,В наявності,Насос глибинний NOWA 4SKM 1000-6154rcw (крильчатка)
4V1100-6047w,В наявності,Насос глибинний POWERCRAFT 4V 1100-6047w (крильчатка)
50090,В наявності,Інверторний зварювальний напівавтомат GTM MIG-200SP LCD (50090)
5027000,В наявності,Сталева сверлильна стійка для дриля Wolfcraft (5027000)
50339002E1,В наявності,"Бензопила Oleo-Mac GSH 40 BCPI/35R (35см; 1,7 кВт/2,3 к. с.; 38,9 см. куб.) 50339002E1"
50661,В наявності,Інверторний зварювальний напівавтомат GTM MIG-200ES LED (50661)
51444,В наявності,Масло компресорне VITALS Mineral 51444 (1л)
52059,В наявності,Плазмовий різак GTM CUT-60S LED (52059)
52061,В наявності,Інвертор зварювальний GTM MMA-220DS LED (52061)
56502,В наявності,"Мотобур бензиновий (бензобур) Vitals BUM 52n: Максимальний бур 250 мм, 1900Вт, 6000 об/хв."
56589,В наявності,"Професійний верстат для заточування свердел Vitals Ua 9516JH : 95 Вт, 3-12мм сверло заточний верстат для свердел"
56590,В наявності,Верстат для заточки свердл VITALS Ua 7016JHd (70Вт)
568602,В наявності,Якісні ножі до рейсмусу TC-SP 204 kwb : твердосплавні ножі (568602)
5713331,В наявності,Генератор дизельний SIGMA 5713331 (6.5-7.0кВт/електростартер)
576069,В наявності,Цвях для степлера 20*1.25*1.0мм MTX 576069 (уп.5000шт.)
57750,В наявності,"Насос заглибний свердловинний шнековий Vitals aqua 2DS 0523-0,5r: 480 Вт, 17 л/хв, 50м напору, 6.2 кг"
5905325518863,В наявності,Компресор автомобільний HURAGAN H2 (37л/хв /сумка)
6-MR100,В наявності,Заклепочник STANLEY 6-MR100 (2.4-4.8мм)
6.291-388.0,В наявності,Засіб для очищення килимів KARCHER CarpetPro RM 760 Classic 6.291-388.0 (10кг/порошок)
6.295-750.0,В наявності,Шампунь автомобільний KARCHER RM 610 (1л)
6.296-048.0,В наявності,Засіб для очищення колісних дисків KARCHER RM 667 (500мл)
6.296-105.0,В наявності,Засіб для чищення автомобільного скла Karcher RM 650 : 500 мл (6.296-105.0)
6.296-108.0,В наявності,Поліроль воскова KARCHER RM 660 (0.5л)
600065500,В наявності,"Дельташліфмашина Metabo FMS 200 Intec (600065500) : 200Вт, 26000 кол/хв Вібраційна шліфмашина"
600066500,В наявності,Вібраційна шліфмашина Metabo FSR 200 Intec (600066500)
600129000,В наявності,Ексцентрикова шліфмашина Metabo SXE 450 TurboTec (600129000)
600131000,В наявності,Ексцентрикова шліфмашина Metabo SXE 425 TurboTec (600131000)
600210890 набір,В наявності,"Акумуляторний перфоратор Metabo KHA 18 LTX : 2.2 Дж, 18В акум 2ампера і зарядка (600210890)"
600370000,В наявності,Ліхтар акумуляторний METABO SLA 14.4-18 LED (18В/каркас)
600375000,В наявності,Мережева шліфувальна машина стрічкова Metabo BaE 75 : 1010 Вт шліфмашина 600375000
6004015,В наявності,"Професійний універсальний набір ручного інструменту Grad 46шт. посилений кейс, набір ключів для авто і дому 6004015"
6004275,В наявності,"Набір насадок торцевих і біт 1/4"", 1/2"" 108шт Grad (6004275)"
600441500,В наявності,Вібраційна шліфмашина Metabo SR 2185 (600441500)
600443000,В наявності,Ексцентрикова шліфмашина Metabo SXE 3125 (600443000)
600444000,В наявності,Вібраційна шліфмашина Metabo SXE 3150 (600444000)
600468000,В наявності,Шліфмашина кутова 125мм METABO WEV 15-125 Quick
600516000,В наявності,Шліфмашина кутова 125мм METABO WEV 17-125 Quick
600618000,В наявності,"Професійна пряма шліфувальна машина Metabo GE 950 G Plus : 950 Вт, об.х.х. 8700 об/хв, цанга 6мм, вага 1.7 кг"
600668000,В наявності,Пила настільна дискова METABO TS 254 (600668000)
600738000,В наявності,Фрезер METABO OFE 738
600742500,В наявності,Дриль ударний METABO SBE 650 600742500 (650Вт/кейс/самозажимний патрон)
600782500,В наявності,Дриль двошвидкісний METABO SBE 850-2 600782500 (850Вт)
600856840,В наявності,"Акумуляторна ланцюгова пила Metabo MS 18 LTX 15 каркас MetaBox : без АКБ, шина 15 см"
600856850,В наявності,"Акумуляторна ланцюгова пила Metabo MS 18 LTX 15 каркас : без АКБ, шина 15 см"
600955000,В наявності,"Потужна ручна дискова пила по дереву Metabo KS 55 FS : 1200 Вт, круг 160мм циркулярна пила 600955000"
600964000,В наявності,Поверхневий насос Metabo P 4000 G (600964000)
600971000,В наявності,"Побутова насосна станція Metabo HWW 4000/25 G : 1100 Вт, 67 л/хв гідрофор для дому і дачі 600971000"
600981000,В наявності,"Побутова насосна станція Metabo HWW 3500/25 G : 900 Вт, гідрофор для дому та дачі (600981000)"
600984500,В наявності,"Акумуляторний дриль-шуруповерт Metabo PowerMaxx BS Basic LC 12 : 34 Нм, кейс шуруповерт для дому (600984500)"
6010141,В наявності,Якісний набір ключів ріжково-накидних CrV satine SIGMA : 25шт 6-32мм (6010141)
601030000,В наявності,Професійний електричний лобзик по дереву Metabo STEB 65 Quick : 450 Вт (601030000)
601048850,В наявності,Лобзик акумуляторний METABO STB 18 L 90 (18В/каркас)
601066000,В наявності,"Потужна ручна дискова пила по дереву Metabo KS 66 FS : 1500 Вт, круг 190мм циркулярна пила 601066000"
601067000,В наявності,Термофен Metabo H 16-500 (601067000)
601406000,В наявності,"Електриний багатофункціональний інструмент Metabo MT 400 Quick : 400 Вт, реноватор, мультитул"
601501000,В наявності,"Компресор переносний Metabo Basic 160-6 W OF (601501000): 160 л/хв., 900Вт, 6 бар"
601505850,В наявності,Прожектор акумуляторний METABO BSA 18 LED 4000 (18В/каркас)
601533000,В наявності,Компресор Metabo Basic 250-24 W (601533000)
601534000,В наявності,Компресор Metabo Basic 250-50 W (601534000)
601558000,В наявності,Шліфмашина ексцентрикова пневматична 150мм METABO DSX 150
601586000,В наявності,Набір пневмоінструменту METABO LPZ 7 Set (5шт.)
601609850,В наявності,Ножиці для трави акумуляторні METABO SGS 18LTX Q (18В/каркас/з кущорізом)
601721500,В наявності,"Акумуляторний шурупокрут Metabo PowerMaxx BS BL, 12 V / 2.0 Ah"
601741000,В наявності,"Професійний ручний столярний фрезер кромковий по дереву Metabo FM 500-6 : 500 Вт, 6 цанга, х.х.32000 об/хв електрофрезер"
601749500,В наявності,"Акумуляторний безщітковий шуруповерт Metabo PowerMaxx BS BL Q : 38 Нм, кейс шуруповерт для дому (601749500)"
601786000,В наявності,"Монтажна пила по металу (труборіз) Metabo CS 22-355 : 2.3 кВт, диск 355 мм х 25.4 мм, (601786000)"
602014000,В наявності,Будівельний пилосос Metabo ASA 25 L PC
602015000,В наявності,Будівельний пилосос Metabo ASA 30 L PC Inox (602015000)
602083000,В наявності,"Професійний пилосос Metabo AS 20 L PC : 1200 Вт, 20 л, 225 мбар, 4200 л/хв., сухе, вологе, 3500 см²"
602086000,В наявності,"Професійний пилосос Metabo ASA 30 L PC : 1200 Вт, 30 л, сухе, вологе (602086000)"
602242850,В наявності,Повітродувка акумуляторна METABO AG 18 (18В/каркас)
602259000,В наявності,Щіткова шліфувальна машина Metabo SE 17-200 RT (602259000)
603605000,В наявності,Шліфмашина кутова 125мм METABO W 750-125 603605000
603625000,В наявності,Шліфмашина кутова 125мм METABO WEV 11-125 Quick
604040510,В наявності,Штроборіз METABO MFE 40 (604040510)
604125000,В наявності,"Професійне точило для заточки Metabo DS 125 M : 200 Вт, диск 125х20х20 мм, 2980 об/хв., верстат"
604150000,В наявності,"Професійне точило для заточки Metabo DS 150 M : 370 Вт, диск 150х20х20 мм, 2980 об/хв., 1,5 Нм, верстат"
604220000,В наявності,"Професійне комбіноване точило Metabo BS 200 Plus : 600 Вт, диск 200мм,шліфстрічка 1020мм, 2.7 Нм"
6049011,В наявності,"Ключ динамометричний 1/2"" SIGMA 6049011 (28-210Нм)"
606435010,В наявності,"Кутова шліфувальна машина (болгарка) 230 мм Metabo W 2200-230 New, 2200 Вт, 6600 об/мин, диск 230 мм"
606437000,В наявності,"Кутова шліфувальна машина 230 мм Metabo WE 2200-230, 2200 Вт, 6600 об/хв., диск 230 мм, плавний пуск"
606474000,В наявності,Шліфмашина кутова 230мм METABO WE 26-230 MVT
609225500,В наявності,Ексцентрикова шліфмашина Metabo FSX 200 Intec (609225500)
610216000,В наявності,"Професійна торцювальна пила Metabo KS 216 M New : 1350 Вт, диск 216 x 30 мм 610216000"
61039109E1,В наявності,Бензинова мотокоса (бензокоса) для трави Oleo-Mac Sparta 25 : 800 Вт бензинова косарка тример (61039109E1)
613021890,В наявності,Реноватор акумуляторний METABO MT 18 LTX (18В/каркас)
613216000,В наявності,"Професійна торцювальна пила з протяжкою Metabo KGS 216 M New: 1500 Вт, глибина різу 70мм, диск 216 x 30 мм, 5000об/хв,613216000"
613254000,В наявності,"Потужна торцювальна пила Metabo KGS 254 M New : 1.8 кВт, диск 254 мм х 30 мм, 613254000"
613305000,В наявності,"Потужна торцювальна пила Metabo KGS 305 M New : 2.0 кВт, диск 305 мм х 30 мм, 613305000"
61469001E1,В наявності,Бензинова мотокоса (бензокоса) для трави Oleo-Mac BCH 25 T : 900 Вт бензинова косарка тример (61469001E1)
61519051E1,В наявності,"Бензинова мотокоса Oleo-Mac BCH 50 T : 2,8 л.с. - 2,1 кВт, бензинова косарка тример (61519051E1)"
616327000,В наявності,Відрізне коло Metabo Flexiamant Super 350x3x25.4 мм A 30-R (616327000)
619010000,В наявності,"Професійна стрічкова пила Metabo BAS 318 Precision DNB : 900 Вт, 380В, 410/800 м/хв стрічкова пила по дереву 619010000"
625028000,В наявності,Акумулятор METABO Li-Power 18 V 625028000 (18В 5.2Аг)
626700000,В наявності,Набір біт Metabo Promotion 32 предмета (626700000)
626710000,В наявності,Набір біт Metabo 29 предмета (626710000)
626732000,В наявності,Насадка пиловідвід для КШМ 125мм METABO GED 125 (для шліфування)
627153000,В наявності,Набір свердел по металу Metabo HSS-G Promotion 19 предметів 627153000
627378000,В наявності,Пристрій зарядний METABO ASC 145 (12-36В)
628016000,В наявності,Диск пиляльний 315*30мм/24T METABO 628016000
628060000,В наявності,Диск пильний 216 х 30 (40Т) Metabo Precision cut Classic (628060000)
628061000,В наявності,Диск пильний 254 х 30 (48Т) Metabo Precision cut Classic (628061000)
629006000,В наявності,Стіл транспортувальний METABO KSU 401
630718-5,В наявності,Пристрій зарядний MAKITA DC18RC (7.2-18В/9А)
630800000,В наявності,Швидкозатискна гайка Metabo Quick велика 630800000
630832000,В наявності,Швидкозатискна гайка Metabo Quick M 14 630832000
632F15-1,В наявності,"Makita Акумулятор Li-ion 18 5,0 Ah BL1850B"
632F69-8,В наявності,Акумулятор Li-ion BL1860B Makita 6А/год 18 В (632F69-8)
632G12-3,В наявності,Акумулятор MAKITA BL1830B (18В 3Aг)
64022,В наявності,Плиткоріз ручний 1200мм HAISSER Industry 64022 (монорейковий)
64036,В наявності,Плиткоріз ручний 1200мм HAISSER 64036 (монорейковий)
64048,В наявності,Заклепочник для різьбових заклепок HAISSER 64048 (М3-М10/кейс)
66079153E5,В наявності,Газонокосарка бензинова OLEO-MAC GV 53 PK Allroad Plus 4
6713321,В наявності,"Степлер пневматичний комбінований ""Plus"" SIGMA (6713321): скоба 5.7мм (16-40мм), 1.25×1мм цвях (10-50мм)"
68509091,В наявності,Мийка високого тиску Oleo-Mac PW115C
68509101,В наявності,Мийка високого тиску Oleo-Mac PW125C : 150 бар; 2.3 кВт
68569003E5,В наявності,"Бензиновий культиватор (бензокультиватор) Oleo-Mac MH 155 K EMAK K300H : 1700 Вт, ширина 46см, садовий культиватор 68569003E5"
69570,В наявності,Зварювальний напівавтомат Kaiser MIG-305 2в1
7043555,В наявності,"Потужний компресор одноциліндровий Grad : 1.5кВт, 198л/хв, 8 бар, 24л (2 крана) GRAD (7043555)"
70601,В наявності,Занурювальний фекальний насос для каналізації та брудної води Powercraft WQD 1300f (70601)
70601 + рукав,В наявності,Занурювальний фекальний насос для каналізації та брудної води Powercraft WQD 1300f + рукав 20м
708750,В наявності,Набір насадок для реноватора KWB 708750 (4шт./для плитки)
71419031022,В наявності,Шаблон-лінійка (трафарет) плиточника TileTEMPLATE XL (71419031022)
758941,В наявності,"Диск для ламельного фрезера Einhell 100х22х3.8 мм, 6Т (758941)"
772557,В наявності,"Мотопомпа бензинова для брудної води (грязьова помпа) Wetron 772557 : 7.5 к.с, 26м високонапірна мотопомпа для поливу"
779600,В наявності,Якісний шарнірний тримач електродриля kwb 779600
78-0312,В наявності,Набір інструментів 12шт. MASTERTOOL 78-0312
79162,В наявності,Мотопомпа бензинова Vulkan SCCP50 для хімікатів (79162)
79164,В наявності,Мотопомпа дизельна Vulkan SCWPD50 для чистої води (79164)
793346-8,В наявності,Строгальні ножі для рейсмусу Makita 2012NB 306 мм HSS (793346-8)
79568442114,В наявності,Якісна насадка на болгарку Mechanic Liner 115-125 : Кожух для болгарок 115/125 мм (79568442114)
79568442115,В наявності,Колектор відведення пилу MECHANIC Drillstream 1 1/4 UNC*1 1/4 UNC
79613,В наявності,Лазерний рівень Kapro 862 з двома лазерними площинами
8011B,В наявності,Монтажна пила по металу (труборіз) LEX 8011B
80529N,В наявності,"Електричний тепловентилятор (нагрівач дуйка) Vitals EH-92 : 9 кВт - 3 фази, 80 кв. м теплова пушка"
80965,В наявності,Мотопомпа бензинова Vulkan SCWP100 для чистої води (80965)
81234,В наявності,"Потужна шліфувальна вібраційна шліфувальна машина Vitals Es 2224DWc : х.х.12000 об/хв, 220Вт, вага 2.9 кг"
81505,В наявності,Пильне полотно для пилки TC-SB 200(/1) kwb (81505)
81801,В наявності,Мультиметр-кліщі для вимірювання електричних параметрів цифровий VOREL 81801
81811,В наявності,Мотопомпа бензинова Vulkan SCCP80 для хімікатів (81811)
82556,В наявності,Мотопомпа бензинова Vulkan SCHP50 для чистої води високонапірна (SCHP50) 82556
82771,В наявності,Мотопомпа бензинова Vulkan SCST100 для сильнозабрудненої води (82771)
82889,В наявності,"Садовий бензиновий подрібнювач 6.5 к.с GTM GS6501, ножовий механізм (82889)"
82921,В наявності,Подрібнювач гілок дроворуб GTM LC80PTO від ВВП трактора (82921)
82931,В наявності,Бензиновий двигун Rato R670D PF вал 28.575 мм (82931)
83059,В наявності,"Потужний мотокультиватор (бензокультиватор) GTM G-4,5/55 : 3300 Вт, ширина 55см, глибина 15см, 6 фрез, двигун 4.5 к.с"
83060,В наявності,Культиватор бензиновий (бензокультиватор) GTM B-7/88-2 (83060)
83100,В наявності,"Бензопила GTM CN45D : 1.9 кВт, шина 40см (83100)"
83101,В наявності,"Бензопила GTM CN58D : 2.4 кВт, шина 45см (83101)"
83103,В наявності,Бензинова мотокоса GTM CN330D 1.05 кВт (83103)
83105,В наявності,Бензинова мотокоса GTM CN520F 1.5 кВт (83105)
83112,В наявності,Садова повітродувка-пилосос бензинова GTM EBV280A (83112)
83114,В наявності,Мотообприскувач GTM 3WF-600C 14 л ранцевий (83114)
83115,В наявності,"Висоторіз бензиновий GTM CZJ260AE телескопічний 4,1 м шина 30 см (83115)"
83116,В наявності,Мотобур бензиновий GTM AG52H-D без шнеку (83116)
83208,В наявності,Садовий подрібнювач GTM P4206 (83208)
83252,В наявності,Мотоблок бензиновий GTM GH-7/120-4 (83252)
83274,В наявності,Газонокосарка бензинова GTM LM42 (не самохідна)
83275,В наявності,"Потужна газонокосарка бензинова GTM LM42-SP самохідна : 2.9 кВт, 500 м², ширина 42 см, висота 25-75 см, 45 л"
83276,В наявності,"Потужна газонокосарка бензинова GTM LM48 несамохідна : 3.7 кВт, 800 м², ширина 48 см, висота 30-80 см, 70л"
83277,В наявності,Газонокосарка бензинова GTM LM48-SP (самохідна)
83278,В наявності,Газонокосарка бензинова GTM LM48-SP-V (48см)
83279,В наявності,Газонокосарка бензинова GTM LM53-SP-V
83280,В наявності,Газонокосарка бензинова GTM LM53E-SP-V
83299,В наявності,"Якісний cадовий подрібнювач GTM DS2500/40, ножовий механізм (DS2500/40) : 2500 Вт, діаметр гілки 40 мм, ніж"
83300,В наявності,"Якісний cадовий подрібнювач GTM DS2800/45, ножовий механізм (DS2800/45) : 2800 Вт, діаметр гілки 45 мм, ніж, контейнер 60 л"
83301,В наявності,"Якісний cадовий подрібнювач GTM MS2800/45 фрезерний механізм : 2800 Вт, діаметр гілки 45 мм, ніж, контейнер 55 л"
83302,В наявності,"Бензокультиватор GTM BG-5/56 : 3681 Вт, ширина 56см, глибина 24см (83302)"
83548,В наявності,Газонокосарка акумуляторна GTM BLM42 (42см/несамохідна/без акума і зарядки)
83549,В наявності,Газонокосарка акумуляторна GTM BLM48-SP (48см/самохідна/без акума і зарядки)
83550,В наявності,Газонокосарка акумуляторна GTM BLM48H-SP (48см/самохідна/без акума і зарядки)
83551,В наявності,Культиватор акумуляторний GTM BT56 (83551)
83727,В наявності,Акумуляторна повітродувка GTM AB56-1374BL 56 В (без АКБ та ЗП)
83865,В наявності,Садовий акумуляторний райдер GTM BRM96 + комплект АКБ і ЗП (BRM96 KIT)
83870,В наявності,Садовий подрібнювач GTM DS2500/40 KIT + подовжувач 10м
83871,В наявності,Садовий подрібнювач GTM DS2800/45 KIT + подовжувач 10м
83872,В наявності,Садовий подрібнювач GTM MS2800/45 KIT + подовжувач 10м
83880,В наявності,Повітродувка бензинова GTM GB526R 810 м3/год (83880)
83881,В наявності,Повітродувка-пилосос бензинова GTM GBV526R 810 м3/год (83881)
83882,В наявності,Садова повітродувка бензинова GTM EB753R ранцева 1450 м3/год (83882)
83920,В наявності,Газонокосарка акумуляторна GTM LM56/480SP-V KIT (48см/самохідна/акум 56В і зарядка)
83921,В наявності,Акумуляторна ланцюгова пила GTM CSTH56/1800BL (акум 56В і зарядка)
83922,В наявності,Акумуляторна ланцюгова пила GTM CS56/1800BL (акум 56В і зарядка)
83923,В наявності,Акумуляторна ланцюгова пила GTM CS56/3000BL (акум 56В і зарядка)
83924,В наявності,Тример акумуляторний GTM GT56/900BL KIT (акум 56В і зарядка)
83925,В наявності,Тример акумуляторний GTM BC56/1800BL KIT (акум 56В і зарядка)
83926,В наявності,Кущоріз акумуляторний GTM HT56/560BL KIT (акум 56В і зарядка)
83927,В наявності,Повітродувка акумуляторна GTM AB56/1374BL KIT (акум 56В і зарядка)
83935,В наявності,Мотопомпа бензинова для чистої води GTM LGP20-C : 4.8 кВт (83935)
83936,В наявності,Мотопомпа бензинова GTM LGP30-C для чистої води (83936)
83937,В наявності,Мотопомпа бензинова GTM LGP20-2H високонапірна для чистої води (83937)
83938,В наявності,Мотопомпа бензинова GTM LGP30-W для брудної води (83938)
84117,В наявності,Аератор-скарифікатор електричний GTM LS-S3805 (LS-S3805)
84118,В наявності,Бензиновий аератор скарифікатор GTM GC-SC 2240 P-1 (GC-SC 2240 P-1)
84119,В наявності,Газонокосарка електрична GTM LM-C3216A несамохідна (LM-C3216A)
84120,В наявності,Газонокосарка електрична GTM LM-C3602 несамохідна (LM-C3602)
84172,В наявності,"Газонокосарка-робот GTM RLM500/16W 20В, до 500 м², ширина 16 см, з зарядною станцією"
84173,В наявності,"Газонокосарка-робот GTM RLM600/18W 20В, до 600 м², ширина 18 см, з зарядною станцією"
84174,В наявності,"Газонокосарка-робот GTM RLM800/18V 20В, до 800 м², ширина 18 см, з відеонавігацією та зарядною станцією"
850-5050-24,В наявності,Станція насосна NOWA AJET 850-5050-24
872751,В наявності,Маска зварювальника GTM Power хамелеон (S998F-VS GTM) (872751)
872752,В наявності,Маска зварювальника GTM Advanced хамелеон (SUN5/SUN7C GTM) (872752)
872753,В наявності,Маска зварювальника (хамелеон) GTM Vision хамелеон (SUN7B GTM) (872753)
872754,В наявності,Маска зварювальника GTM Dynamic хамелеон (SUN9B GTM) (872754)
872755,В наявності,Маска зварювальника GTM Titanium хамелеон (SUN9L GTM) (872755)
9.610-749.0,В наявності,Піна активна KARCHER RM 806 (10л)
9.754-011.0,В наявності,Фільтр для порохотяга KARCHER 9.754-011.0 (для WC 3/захист двигуна)
9.837-960.0,В наявності,Насадка для мийки пінна KARCHER K-Parts (600мл)
914605,В наявності,Стрічка для точила Einhell TH-US 400 (3 шт.) 914605
92330,В наявності,Рокла електрична GTM PTE15Q-A 1500 кг (92330)
92332,В наявності,Рокла електрична GTM PTE15Q-B 1500 кг (92332)
92404,В наявності,Рокла електрична GTM PTE15Q2-A 20Ah 1500 кг (92404)
92418,В наявності,Рокла електрична GTM PTE15Q2-A 30Ah 1500 кг (92418)
9392,В наявності,Присосок вібраційний акумуляторний SHIJING 9392 (2акум.21В 2Аг/зарядний/кейс/165мм)
9395-1,В наявності,Присосок вібраційний акумуляторний SHIJING 9395 (1акум.21В 2Аг/зарядний/кейс/140мм)
9404,В наявності,Стрічкова шліфмашина MAKITA 9404
9565CVR,В наявності,"Професійна кутова шліфувальна машина Makita 9565 CVR: 1400 Вт, Ø диска 125х22,23 мм, 12000 об/хв, вага 2.4 кг"
967 86 19-03,В наявності,"Потужна бензинова ланцюгова пила HUSQVARNA 120 II : Об'єм циліндра 38,2 cm³, потужність 1,4 кВт, шина 35 см, оригінал"
967108401,В наявності,Пила ланцюгова бензинова HUSQVARNA 130 (1.5кВт/35см)
970718518,В наявності,Пила ланцюгова бензинова HUSQVARNA 365 (3.4кВт/45см)
9741,В наявності,Щіткова шліфмашина MAKITA 9741
9910,В наявності,Шліфмашина стрічкова MAKITA 9910 (457мм/650Вт)
AC 1300-WP50L,В наявності,Компресор 50л EDON AC 1300-WP50L
AC2051/50L,В наявності,Компресор ремінний 50л EDON AC 2051/50L (2.2кВт/310л/хв)
AC802,В наявності,Пристрій зарядний автомобільний ALLIGATOR AC802 (6-12В/6А)
AC804,В наявності,Пристрій зарядний автомобільний ALLIGATOR AC804 (6-12В/8А)
AC807,В наявності,Пристрій зарядний автомобільний ALLIGATOR AC807 (6-12В/10А)
AC808,В наявності,Пристрій зарядний автомобільний ALLIGATOR AC808 (12-24В/15А)
AC809,В наявності,Автомобільний зарядний пристрій для акумулятора Alligator AC-809
AC812,В наявності,Пристрій зарядний автомобільний ALLIGATOR AC812 (6-12В/4А/інверторний)
ACS-21/8-6BL,В наявності,Пила ланцюгова акумуляторна EDON ACS-21/8-6S BL (1акум.21В 4Аг/зарядний/2 ланцюги/2 шини/15+20см)
AD-12K,В наявності,Шурупокрут акумуляторний EDON AD-12K (2акум.12В 2Аг/зарядний/насадки/ударний)
AD-18C,В наявності,Шурупокрут акумуляторний EDON AD-18C
AD-18K,В наявності,Шурупокрут акумуляторний EDON AD-18K (2акум.18В 2Аг/зарядний/насадки/ударний)
AD-21Fj,В наявності,"Акумуляторна шабельна пила Edon AD-21Fj : з АКБ 2шт-21V 1.3 Аh, довж.ходу 15 мм"
AFJ-21/30,В наявності,Степлер акумуляторний EDON AFJ-21/30 (1акум.21В 4Аг/зарядний/кейс/цвяхи)
AFJ-30,В наявності,Степлер акумуляторний EDON AFJ-30 (21В/каркас/кейс/цвяхи)
AGAX-21BLMAX,В наявності,Шліфмашина кутова акумуляторна ZEGOR AGAX-21BL Max (2акум.21В 4Aг/зарядний/кейс)
AGPP-21BL-125,В наявності,Шліфмашина кутова акумуляторна ZEGOR AGPP-21BL-125 (1акум. 21В 4Aг/зарядний/кейс)
AGT-12,В наявності,Акумуляторний тример Edon AGT-12 з АКБ 2шт-12V 1.5Ah
AGT-21A,В наявності,Тример акумуляторний EDON AGT-21A (1акум.21В 2Аг/зарядний)
AGT-21BL,В наявності,Тример акумуляторний EDON AGT-21 BL (1акум.21В 4Аг/зарядний)
AGTG-21BL-125,В наявності,Шліфмашина кутова акумуляторна ZEGOR AGTG-21BL-125 (1акум. 21В 4Aг/зарядний/кейс)
AGTL-21BL-125,В наявності,Шліфмашина кутова акумуляторна ZEGOR AGTL-21BL-125 (1акум. 21В 4Aг/зарядний/кейс)
AKISD0808,В наявності,Викрутка з тріскачкою 7 біт INGCO (AKISD0808)
AL13E1032,В наявності,"Набір ударних торцевих головок 1/2″ AL-FA AL13E1032 (10–32 мм, 13 предметів)"
AL17E1036,В наявності,"Набір головок 1/2"" ударні AL-FA AL17E1036 (10-36мм*78мм/17шт./металевий кейс)"
AL8126,В наявності,Набір інструментів 24шт. AL-FA AL8126 (ударні/металевий кейс)
ALBG18B,В наявності,Стрічково-дисковий точильно-шліфувальний верстат AL-FA ALBG18B (1850 Вт)
ALBR37,В наявності,"Електричний штроборіз AL-FA ALBR37 (6 дисків, кейс)"
ALC 100-2,В наявності,"Ремінний компресор AL-FA ALC100-2/230V (100 л, 3,8 кВт, 660 л/хв)"
ALCG-01,В наявності,Верстат для заточування ланцюгів AL-FA ALCG-01 (650 Вт)
ALCRH1-21VBL,В наявності,Перфоратор акумуляторний ALFA ALCRH1-21VBL (2акум.21В 4Аг/зарядний/кейс)
ALDP16-1,В наявності,Свердлильний верстат AL-FA ALDP16-1
ALDWS15,В наявності,Шліфувальна машина для стін і стель AL-FA ALDWS15 (180 мм)
ALDWS17,В наявності,"Шліфувальна машина для стін і стель AL-FA ALDWS17 (225 мм, LED-підсвітка)"
ALEB-50,В наявності,Електрична повітродувка AL-FA ALEB-50
ALFJ25,В наявності,Домкрат гідравлічний підкатний ALFA ALFJ25 (2.5т/80-360мм)
ALIS35E,В наявності,"Набір ударних торцевих головок 1/2″ AL-FA ALIS35E (35 предметів, металевий кейс)"
ALISL13,В наявності,"Набір ударних головок ALFA 13 шт 10-32мм 1/2"" ALISL13 (ALISL13)"
ALISS16,В наявності,"Набір ударних торцевих головок 1/2″ AL-FA ALISS16 (8–27 мм, 16 предметів)"
ALJSW80,В наявності,"Акумуляторний лобзик AL-FA ALJSW80 (21 В, каркас, кейс)"
ALLM38,В наявності,"Акумуляторна газонокосарка AL-FA ALLM38 (2 × 20 В, каркас, 380 мм)"
ALMS250-2S,В наявності,"Торцювальна пила з протяжкою AL-FA ALMS250-2S (2500 Вт, диск 255 мм)"
ALMT13,В наявності,Ножиці для трави акумуляторні E.C. ALFA ALMT13 (2акум.21В 2Аг/з кущорізом 305мм)
ALNB18,В наявності,Електроножиці по металу вирубні ножиці по металу AL-FA ALNB18 : 1600 Вт
ALNL-4DG,В наявності,"Професійний лазерний рівень 4D, 12 ліній, кейс, штатив AL-FA ALNL-4DG нівелір"
ALPBW50-H,В наявності,"Термостеплер для ремонту пластику AL-FA ALPBW50-H (50 Вт, 200 скоб)"
ALS8,В наявності,Верстат для заточування твердосплавних пиляльних дисків AL-FA ALS8
ALSS108M,В наявності,Набір ручного інструменту AL-FA ALSS108M (108 предметів)
ALTC18,В наявності,Електричний плиткоріз AL-FA ALTC18
ALTP330-21,В наявності,Рейсмусовий верстат AL-FA ALTP330-21
ALV2065A,В наявності,Двоциліндровий поршневий блок компресора AL-FA ALV2065A
ALV2090A,В наявності,Двоциліндровий поршневий блок компресора AL-FA ALV2090A
ALV3065A,В наявності,Трициліндровий поршневий блок компресора AL-FA ALV3065A
ALWSW23,В наявності,"Шліфувальна машина для штукатурки AL-FA ALWSW23 (2300 Вт, 375 мм)"
AP3000,В наявності,Станція зарядна MYACT AP3000 (3000Вт/2880Вт*год)
ARC-300 SMART,В наявності,Апарат зварювальний ZEGOR ARC-300 Smart
ARDL - 1432 EHP,В наявності,Порохотяг STARMIX NSG uClean ARDL-1432 EHP
AS-5040E,В наявності,Степлер пневматичний EDON AS-5040E (скоба 5.7мм*16-40мм/цвях 15-50мм)
AS20-12,В наявності,Обприскувач акумуляторний FELSO AS20-12 (20В/каркас/12л)
ASDWS18,В наявності,"Шліфувальна машина для стін і стель ASAKA ASDWS18, 1800 Вт, 225 мм, 2 насадки, сумка"
ASPS80,В наявності,"Акумуляторний фарбопульт ASAKA ASPS80, 21 В, LED-підсвічування (каркас)"
AVR-2000,В наявності,Стабілізатор напруги APRO AVR-2000
AVR-500,В наявності,Стабілізатор напруги APRO AVR-500
BC20BL,В наявності,Пила ланцюгова акумуляторна FELSO BC20BL (20В/каркас/2 ланцюги/2 шини/15+20cм)
BCRT8I,В наявності,Гравер акумуляторний BLACK+DECKER BCRT8I
BH1600,В наявності,Перфоратор бочковий Felső BH1600
BH2040BL,В наявності,Перфоратор акумуляторний FELSO BH2040BL (1акум.20В 4Аг/зарядний/кейс)
BJ141-3B-100L,В наявності,Порохотяг BAUTEC BJ141-3000-100 (100л/3 двигуна)
BL-2140N,В наявності,Акумулятор ZEGOR BL-2140N (21В 3Аг)
BL-2140P,В наявності,Акумулятор ZEGOR BL-2140P (21В 4Аг)
BL-2160N,В наявності,Акумулятор ZEGOR BL-2160N (21В 4.5Аг)
BL-2160P,В наявності,Акумулятор ZEGOR BL-2160P (21В 6Аг)
BM-02,В наявності,Автоматика для компресора AL-FA BM-02 Profi (220 В)
BM-120T,В наявності,Плиткоріз ручний 1200мм FIXTOOL Hercules BM-120T (монорейковий/з лазером)
BO 6030,В наявності,"Ексцентрикова шліфмашина (орбітальна) Makita BO 6030 : 310 Вт, 150 мм платформа шліфувальна машина"
BO3710,В наявності,Вібраційна шліфмашина MAKITA BO3710
BO3711,В наявності,Вібраційна шліфмашина MAKITA BO3711 з регулятором швидкості
BO5030,В наявності,Шліфмашина ексцентрикова MAKITA BO5030
BO5031,В наявності,Ексцентрикова шліфмашина MAKITA BO5031 (BO 5031)
BS1400,В наявності,Стрічкова шліфмашина Felső BS1400
BTS800,В наявності,Верстат шліфувальний тарілчасто-стрічковий SCHEPPACH BTS800 (370Вт/150мм/915*100мм)
Black-250,В наявності,Зварювальний інверторний апарат (зварка) Redbo Black-250 5.2 кВт
CCVAX-21BL-D,В наявності,Культиватор акумуляторний ZEGOR CCVAX-21BL-D (2акум.21В 6Аг/зарядний)
CD-21V/3ATl,В наявності,Пристрій зарядний EDON CD-21V/3AT (21В/3А/2 порти)
CD1220Q,В наявності,Акумуляторний дриль-шуруповерт Felső CD1220Q
CD1820Q,В наявності,Акумуляторний дриль-шуруповерт Felső CD1820Q
CD1840BL,В наявності,"Акумуляторний дриль-шуруповерт CD1840BL Felső: А-г 4.0, 18 В"
CD2040BL,В наявності,Шурупокрут акумуляторний FELSO CD2040IQBL (1акум.20В 4Аг/зарядний/кейс)
CDAX-21BL,В наявності,Шурупокрут акумуляторний ZEGOR CDAX-21BL (2акум.21В 2Аг/зарядний/кейс)
CDAX-21BLH-150,В наявності,Шурупокрут акумуляторний ZEGOR CDAX-21BLH-150 (2акум.21В 6Аг/зарядний/кейс)
CDAX-21BLH-60,В наявності,Шурупокрут акумуляторний ZEGOR CDAX-21BLH-60 Turbo (2акум.21В 2Аг/зарядний/ударний/імпульсний)
CDF-21BLQ,В наявності,Шурупокрут акумуляторний ZEGOR CDF-21BLQ (1акум.21В 2Аг/зарядний/кейс/з'ємний патрон)
CDP-21Q DFR,В наявності,Шурупокрут акумуляторний ZEGOR CDP-21Q (2акум.21В 2Аг/зарядний/кейс/з'ємний патрон)
CDPP-21BL,В наявності,Шурупокрут акумуляторний ZEGOR CDPP-21BL (2акум.21В 2Аг/зарядний/кейс)
CDPP-21BLH,В наявності,Шурупокрут акумуляторний ZEGOR CDPP-21BLH (2акум.21В 2Аг/зарядний/кейс/ударний)
CDPP-21BLH-170,В наявності,Шурупокрут акумуляторний ZEGOR CDPP-21BLH-170 (1акум.21В 4Аг/зарядний/кейс)
CFA-21BL-L,В наявності,Повітродувка акумуляторна ZEGOR CFA-21BL-L (1акум.21В 6Аг/зарядний)
CFN-21,В наявності,Вентилятор акумуляторний ZEGOR CFN-21 (21В/каркас/гібридний)
CH2040/2,В наявності,Пристрій зарядний FELSO CH2040/2 (20В/2А/2 порти)
CHM-63,В наявності,Паяльник для труб акумуляторний ZEGOR CHM-63 (20В/каркас)
CIF-21,В наявності,Компресор акумуляторний ZEGOR CIF-21 (гібридний/1акум.21В 4Аг/зарядний/автомобільний)
CLM40BL43,В наявності,Газонокосарка акумуляторна FELSO CLM40BL43 (20В+20В/каркас/430мм)
CS-185-1650A,В наявності,Пила торцювальна EDON CS-185/1650A
CS-KW-220,В наявності,"Електричний верстат для заточування ланцюгів EURO CRAFT CS-KW-220: 400 Вт, 1.5 кг заточування ланцюгів"
CS2800,В наявності,Дискова пила Felso CS2800
CSAX-21BL-12,В наявності,Пила ланцюгова акумуляторна ZEGOR CSAX-21BL-12 (2акум.21В 6Аг/зарядний/30см)
CSAX-21BL-16,В наявності,Пила ланцюгова акумуляторна ZEGOR CSAX-21BL-16 (2акум.21В+21В 4Аг/2 зарядних/40см)
CSAX-21BL-8,В наявності,Пила ланцюгова акумуляторна ZEGOR CSAX-21BL-8 (акум 21V 2.0Ah і зарядка)
CSCPP-21BL-165,В наявності,Пила дискова акумуляторна ZEGOR CSCPP-21BL-165 (21В/каркас/165мм)
CSCPP-21BL-190,В наявності,Пила дискова акумуляторна ZEGOR CSCPP-21BL-190 (21В/каркас/190мм)
CSD-21,В наявності,Розкидач-сівалка акумуляторний ZEGOR CSD-21 (21В/каркас)
CSG20BL,В наявності,Фарбопульт акумуляторний FELSO CSG20BL (20В/каркас)
CSMD-21BL-8,В наявності,Пила ланцюгова акумуляторна ZEGOR CSMD-21BL-8 (2акум.21В 4Аг/зарядний/кейс/20см/автоматична подача масла)
CSMH-21BL-8,В наявності,Пила ланцюгова акумуляторна ZEGOR CSMH-21BL-8 (1акум.21В 1.5Аг/зарядний/кейс/2ланцюги/автоматична подача масла/20см)
CSMN-21BL-12,В наявності,Пила ланцюгова акумуляторна ZEGOR CSMN-21BL-12 (1акум.21В 3Аг/зарядний/автоматична подача масла/30см)
CSMY-21BL-8,В наявності,Пила ланцюгова акумуляторна ZEGOR CSMY-21BL-8 (21В/каркас/20см)
CSPB-21BL-16,В наявності,Пила ланцюгова акумуляторна ZEGOR CSPB-21BL-16 (2акум.21В 4Аг/зарядний/40см)
CSPB-21BL-16W,В наявності,Пила ланцюгова акумуляторна ZEGOR CSPB-21BL-16W (2акум.21В+21В 4Аг/зарядний 2 порти/40см)
CSPB-21BL-8,В наявності,Пила ланцюгова акумуляторна ZEGOR CSPB-21BL-8 (1акум.21В 4Аг/зарядний/20см)
CSPP-21BL-12,В наявності,Пила ланцюгова акумуляторна ZEGOR CSPP-21BL-12 (1акум.21В 4Аг/зарядний/30см)
CSTAX-21BL-225,В наявності,Тример акумуляторний ZEGOR CSTAX-21BL-R225 (1акум.21В 6Аг/зарядний)
CSTAX-21BLD-RB225,В наявності,Тример акумуляторний ZEGOR CSTAX-21BLD-RB225 (2акум.21В 6Аг/зарядний)
CT20BL,В наявності,Присосок вібраційний акумуляторний FELSO CT20BL (20В/каркас/125мм/80кг)
CVC-21BL-10C,В наявності,Порохотяг акумуляторний ZEGOR CVC-21BL-10C (1акум.21В 4Аг/зарядний)
Control Pro 250 M EUR,В наявності,Агрегат фарбувальний безповітряний Wagner Control Pro 250 M EUR
D-130,В наявності,Насадка для тримера та бензокоси (комплект) розпушувач та плоскоріз 140 мм
D25133K,В наявності,Перфоратор мережевий SDS-Plus DeWALT D25133K
D25134K,В наявності,Перфоратор прямий DEWALT D25134K (2.8Дж/800Вт/2 патрони)
D28730,В наявності,"Пила монтажна мережева DeWALT D28730 : 2300 Вт, диск 355 мм, глибина різання 125 мм, 15,5 кг"
DBGM,В наявності,Кондуктор для свердління плитки BIHUI DBGM (металевий/з присоском/регульований)
DCB1104,В наявності,Пристрій зарядний DEWALT DCB1104 (10.8-18В/4А)
DCB118,В наявності,Зарядний пристрій для акумулятора DeWALT DCB118 : 18 - 54В
DCB124,В наявності,Акумулятор DEWALT DCB124 (12В 3Аг)
DCB184,В наявності,Акумуляторна батарея DeWALT DCB184
DCB1880,В наявності,Акумулятор DEWALT DCB1880 (18В 8Аг)
DCB546,В наявності,"Аккумуляторная батарея DeWALT DCB546: 54V, 6.0 Ah, вес 1.06 кг"
DCBP518H2,В наявності,Акумулятор DEWALT DCBP518H2 PowerStack (18В 5Аг/в уп.2шт.)
DCC018N,В наявності,Компресор акумуляторний DEWALT DCC018N (18В/каркас/автомобільний)
DCD1007H2T,В наявності,Шурупокрут акумуляторний DEWALT DCD1007H2T (2акум.18В 5Аг/зарядний/кейс/169Нм)
DCD701D2,В наявності,Дриль-шурупокрут акумуляторний безщітковий DeWALT DCD701D2
DCD701N,В наявності,Шурупокрут акумуляторний DEWALT DCD701N (12В/каркас)
DCD708D2T,В наявності,Дриль-шурупокрут акумуляторний безщітковий DeWALT DCD708D2T
DCD708N,В наявності,Шурупокрут акумуляторний DEWALT DCD708N (18В/каркас/65Нм)
DCD709N,В наявності,Шурупокрут акумуляторний DEWALT DCD709N (18В/каркас)
DCD771D2,В наявності,"Акумуляторна дриль-шуруповерт DeWALT DCD771D2, 18В, обертаючий момент 42 Нм,2 акумулятора + зарядне + кейс"
DCD791P2,В наявності,Шурупокрут акумуляторний DEWALT DCD791P2 (2акум.18В 5Аг/зарядний/кейс/70Нм)
DCD796E1T,В наявності,Шурупокрут акумуляторний DEWALT DCD796E1T (1акум.18В 1.7Аг/без зарядного/кейс)
DCD799N,В наявності,Шурупокрут акумуляторний DEWALT DCD799N (18В/каркас)
DCD805NT,В наявності,Шурупокрут акумуляторний DEWALT DCD805NT (18В/каркас/кейс/90Нм)
DCD996NT,В наявності,"Дриль-шуруповерт акумуляторна безщіткова ударна DeWALT DCD996NT : 95 Нм, без акб 18 В XR Li-lon, 3 швидкості"
DCE088D1G18,В наявності,Рівень лазерний DEWALT DCE088D1G18 (2лінії/зелений/50м)
DCE512N,В наявності,Професійна повітродувка-вентилятор акумуляторний DeWALT DCE512N : 18V (без акума і зарядки)
DCE530N,В наявності,"Акумуляторний промисловий фен DeWALT DCE530N : 18 В, 290°С/530°С, 190 л/хв, без АКБ"
DCF403NT,В наявності,Заклепочник акумуляторний DEWALT DCF403NT (18В/каркас/кейс)
DCF850D2T,В наявності,Шурупокрут акумуляторний імпульсний DEWALT DCF850D2T (2акум.18В 2Аг/зарядний/кейс/206Нм)
DCF850E1T,В наявності,Шурупокрут ударний акумуляторний безщітковий DeWALT DCF850E1T
DCF850N,В наявності,Шурупокрут ударний акумуляторний безщітковий DeWALT DCF850N
DCF85MP2T,В наявності,Шурупокрут акумуляторний імпульсний DEWALT DCF85MP2T McLaren (2акум.18В 5Аг/зарядний/кейс)
DCF899N,В наявності,Гайкокрут акумуляторний DEWALT DCF899N (18В/каркас)
DCF900P2T,В наявності,Гайкокрут акумуляторний DEWALT DCF900P2T (2акум.18В 5Аг/зарядний/кейс/1898Нм)
DCF922N,В наявності,Гайковерт ударний акумуляторний безщітковий DeWALT DCF922N (без АКБ)
DCG180Z,В наявності,Пістолет для герметику акумуляторний MAKITA DCG180Z (18В/каркас)
DCG405N,В наявності,Шліфмашина кутова акумуляторна DEWALT DCG405N (18В/каркас)
DCG405NT,В наявності,Акумуляторна кутова шліфмашина DeWALT DCG405NT (без акума і зарядки)
DCG407N,В наявності,Шліфмашина кутова акумуляторна DEWALT DCG407N (18В/каркас)
DCG416VSN,В наявності,Шліфмашина кутова акумуляторна DEWALT DCG416VSN (18В/каркас/регуляція)
DCH133M1,В наявності,Перфоратор акумуляторний безщітковий SDS-Plus DeWALT DCH133M1 (з АКБ 18V 4Ah)
DCH263NK,В наявності,Перфоратор акумуляторний DEWALT DCH263NK (18В/каркас/кейс)
DCK2026P2T,В наявності,Набір акумуляторний DEWALT DCK2026P2T (DCD805/DCG405/2акум.18В 5Аг/зарядний/кейс)
DCL040,В наявності,Ліхтар світлодіодний акумуляторний DeWALT DCL040: 18V (без акумулятора і зарадки)
DCL043,В наявності,Ліхтар акумуляторний DEWALT DCL043 (18В/каркас)
DCL050,В наявності,Ліхтар акумуляторний DEWALT DCL050 (18В/каркас)
DCL077,В наявності,Ліхтар світлодіодний акумуляторний DeWALT DCL077 : 12/18 V (без акума і зарядки)
DCM563P1,В наявності,Кущоріз акумуляторний DeWALT DCM563P1 з АКБ 18V 5.0Ah (DCM563P1)
DCM571N,В наявності,Тример акумуляторний DEWALT DCM571N (54В/каркас)
DCMBL562N,В наявності,Повітродувка акумуляторна DEWALT DCMBL562N (18В/каркас)
DCMCS565N,В наявності,Пила ланцюгова акумуляторна DEWALT DCMCS565N (18В/каркас/30см)
DCMHT563N,В наявності,Кущоріз акумуляторний DEWALT DCMHT563N (18В/каркас)
DCMPH566N,В наявності,Кущоріз акумуляторний DEWALT DCMPH566N (18В/каркас/телескопічна штанга)
DCMPP568N,В наявності,Секатор акумуляторний DEWALT DCMPP568N (18В/каркас)
DCMPS520N,В наявності,Пила ланцюгова акумуляторна DEWALT DCMPS520N (18В/каркас/20см)
DCMPS567N,В наявності,Висоторіз акумуляторний DEWALT DCMPS567N (18В/каркас)
DCMST561N,В наявності,Тример акумуляторний DEWALT DCMST561N
DCN8901020,В наявності,"Цвяхи по м’якому бетону для степлера DeWALT DCN8901020 :20х2,6-1005 шт"
DCN8901025,В наявності,Цвях для степлера по бетону 25*2.6мм DEWALT DCN8901025 (уп.1005шт.)
DCN8901030,В наявності,"Цвяхи по м’якому бетону для степлера DCN890 DeWALT DCN8901030 : 30 х 2.6 - 1005 шт,"
DCN8901035,В наявності,"Цвяхи по м’якому бетону для степлера DCN890 DeWALT DCN8901035 : 35 х 2.6 - 1005 шт,"
DCN8903013,В наявності,"Цвяхи по твердому бетону та сталі для степлера DCN890 DeWALT DCN8903013 : 13 х 3 - 1005 шт,"
DCN8903017,В наявності,"Цвяхи по твердому бетону та сталі для степлера DCN890 DeWALT DCN8903017 : 17х3 - 1005 шт,"
DCN890N,В наявності,Степлер цвяхів по бетону акумуляторний безщітковий DeWALT DCN890N
DCS331N,В наявності,Лобзик акумуляторний DEWALT DCS331N
DCS355N,В наявності,Реноватор акумуляторний DEWALT DCS355N (18В/каркас)
DCS356N,В наявності,Багатофункціональний інструмент акумуляторний безщітковий DeWALT DCS356N : каркас
DCS369N,В наявності,Пила шабельна акумуляторна DEWALT DCS369N (18В/каркас)
DCS382N,В наявності,"Пила шабельна акумуляторна DeWALT DCS382N : без АКБ, Li-Ion 18 В, 3200 об/хв"
DCS438N,В наявності,Шліфмашина кутова акумуляторна DEWALT DCS438N (18В/каркас/76мм)
DCS552Z,В наявності,Пила дискова акумуляторна MAKITA DCS552Z (18В/каркас)
DCS570N,В наявності,Пила дискова акумуляторна DEWALT DCS570N (18В/каркас/184мм)
DCV100,В наявності,Професійна повітродувка акумуляторна DeWALT DCV100 : 18V (без акума і зарядки)
DCV517N,В наявності,Порохотяг акумуляторний DEWALT DCV517N (18В/каркас)
DCW210N,В наявності,Шліфмашина ексцентрикова акумуляторна DEWALT DCW210N
DCW50,В наявності,Диск алмазный BIHUI 50 мм для чищення клею під СВП М14 (DCW50) : диск 50мм
DCW600N,В наявності,Фрезер акумуляторний DEWALT DCW600N
DDA450ZK,В наявності,"Акумуляторний кутовий дриль Makita DDA450ZK : 18V, без АКБ, крутний момент 70 Нм, 1400 об/хв"
DDF453RFE,В наявності,Шурупокрут акумуляторний MAKITA DDF453RFE (2акум.18В 3Аг/зарядний/кейс)
DDF487Z,В наявності,Шурупокрут акумуляторний MAKITA DDF487Z (18В/каркас)
DDF490WV DEBDML1,В наявності,Набір акумуляторного інструмента Makita LXT Basic (дриль-шурупокрут DDF490WV + ліхтар DEBDML186)
DDF490WVE,В наявності,Шурупокрут акумуляторний MAKITA DDF490WVE (2акум.18В 2Аг/зарядний/кейс)
DF0300,В наявності,"Потужний електричний дриль-шуруповерт (електрошуруповерт) MAKITA DF0300 : 320 Вт, 1-10мм сверло, 42 Нм, шуруповерт для дому"
DF333DWAE,В наявності,Шурупокрут акумуляторний MAKITA DF333DWAE (2акум.12В 2Аг слайдер/зарядний/кейс)
DGA 511 Z,В наявності,Акумуляторна кутова шліфмашина Makita DGA 511 Z : 18B (без АКБ)
DHR202RX4,В наявності,Перфоратор акумуляторний MAKITA DHR202RX4 (2акум.18В 3Аг+1.5Аг/зарядний/кейс)
DHR202Z,В наявності,Перфоратор акумуляторний MAKITA DHR202Z
DIN-MUTE6000,В наявності,Професійний бензиновий інверторний генератор ZEGOR DIN-MUTE6000 : 5.5/6.0 кВт бензогенератор
DIN-OPEN 2499,В наявності,"Професійний бензиновий генератор інверторного типу ZEGOR DIN-OPEN 2499 : 2.3/2.5кВт, мідна обмотка"
DIN-OPEN 4500,В наявності,"Професійний бензиновий генератор інверторного типу ZEGOR DIN-OPEN 4500 : 4.0/4.5кВт, мідна обмотка"
DK 53 9/28,В наявності,"Насадка культиватор для мотокоси Nowa DK 53 9/28 на 28 штангу, 9 шліців"
DM4N1,В наявності,Фреза алмазна BIHUI TURBO Ø10 та 25 мм багатофункціональна M14 (DM4N1)
DMB10,В наявності,Фреза алмазна пальчикова 10мм BIHUI Turbo DMB10 M14
DMB20,В наявності,Фреза алмазна BIHUI TURBO 20 мм пальчикова М14 (DMB20)
DMC238,В наявності,Фреза алмазна BIHUI TURBO 2-38 мм конусна М14 (DMC238)
DMF2048,В наявності,Фреза алмазна BIHUI TURBO 20-48 мм конусна М14 (DMF2048)
DMF3575,В наявності,Фреза алмазна BIHUI TURBO 35-75 мм конусна М14 (DMF3575)
DML186,В наявності,Ліхтар акумуляторний MAKITA DML186 (18В/каркас)
DN200/8/6,В наявності,"Потужний компресор повітряний безмасляний STANLEY DN200/8/6 : 1.1 кВт, 6 л, 180 л/хв"
DNX2025PL,В наявності,Гравер акумуляторний DYNEX Polisher DNX2025PL (кутовий)
DPT353Z,В наявності,Степлер акумуляторний MAKITA DPT353Z (18В/каркас)
DRT52Z,В наявності,Фрезер акумуляторний MAKITA DRT52Z (18В/каркас)
DT-0180,В наявності,"Потужний ударний електричний прямий перфоратор INTERTOOL DT-0180 : 850 Вт, 3.2 Дж, SDS-plus"
DT-0517,В наявності,"Пряма шліфувальна машина (гравер) INTERTOOL DT-0517: 170Вт, 8000-35000 об/хв,гнучкий вал, аксесуари 40 од"
DT-0523,В наявності,Багатофункціональний інструмент INTERTOOL DT-0523
DT-1020,В наявності,Порохотяг INTERTOOL DT-1020 (1200Вт/20л)
DT-1034,В наявності,Мішок для порохотяга INTERTOOL DT-1034 (паперовий/уп.5шт.)
DT-1512,В наявності,Мийка INTERTOOL DT-1512 (110бар/1200Вт/ 5.5л/хв)
DT-1514,В наявності,Мийка INTERTOOL DT-1514 (130бар/1600Вт/ 7л/хв)
DT-1516,В наявності,Мийка INTERTOOL DT-1516 (140бар/2000Вт/ 7л/хв)
DT-1531,В наявності,Насадка пінна з бачком для мийок високого тиску INTERTOOL DT-1531
DT-1532,В наявності,Насадка для мийки пінна INTERTOOL DT-1532 (500мл/регуляція)
DT-1535,В наявності,"Шланг високого тиску 5 м до мийки DT-1502 / 1503 / 1504 / 1515, макс. 140 бар INTERTOOL DT-1535"
DT-2416,В наявності,"Будівельний фен INTERTOOL DT-2416: 2000Вт, 300/500 л/хв.,2 швидкості 400° и 600°C"
DT1950,В наявності,"Диск пильний CONSTRUCTION DeWALT DT1950 : 165 х 20, 36Т, 7000 об/хв, ширина розпилу 1.86 мм, товщина полотна 1 мм"
DT1952,В наявності,Диск пильний 216 х 30 (24Т) DeWALT DT1952
DT1953,В наявності,Диск пильний 216 х 30 (40Т) DeWALT DT1953
DT1956,В наявності,Диск пильний 250 х 30 (24Т) DeWALT DT1956
DT1957,В наявності,Диск пильний 250 х 30 (48Т) DeWALT DT1957
DT1959,В наявності,Диск пильний 305 х 30 (48Т) DeWALT DT1959
DT1960,В наявності,Диск пильний 305 х 30 (60Т) DeWALT DT1960
DT20502,В наявності,Насадка з гнучким приводом кутова DeWALT DT20502
DT70901T,В наявності,Набір біт DEWALT DT70901T (32шт.)
DT71502,В наявності,Набір біт професійний DeWALT DT71502: 14 елементів
DTD158Z,В наявності,Шурупокрут акумуляторний імпульсний MAKITA DTD158Z
DUB362Z,В наявності,Повітродувка акумуляторна MAKITA DUB362Z (18В+18В/каркас)
DUC101SF,В наявності,Пила ланцюгова акумуляторна MAKITA DUC101SF (1акум.18В 3Аг/зарядний/10см)
DUC353Z,В наявності,Пила ланцюгова акумуляторна MAKITA DUC353Z
DUC357RT,В наявності,Пила ланцюгова акумуляторна MAKITA DUC357RT (1акум.18В 5Аг/зарядний)
DW055PL,В наявності,Професійний лазерний далекомір DeWALT DW055PL : 16.75 м електронна лазерна рулетка
DW088K,В наявності,Лазерний рівень DeWalt DW088K
DW733,В наявності,Верстат рейсмусний мережевий DeWALT DW733
DWC410,В наявності,Плиткоріз ручний мережевий DeWALT DWC410
DWD024,В наявності,Дриль мережева ударна DeWALT DWD024
DWE315,В наявності,"Багатофункціональний інструмент мережевий, реноватор, мультитул DeWALT DWE315: 300Вт"
DWE349,В наявності,Пилка лобзикова мережева DeWALT DWE349
DWE4117,В наявності,Шліфмашина кутова 125мм DEWALT DWE4117
DWE4257,В наявності,Шліфмашина кутова - болгарка мережева DeWALT DWE4257
DWE4884,В наявності,"Прямошліфувальна машина мережева DeWALT DWE4884 : 450 Вт, 2500 об/хв, цанга 6 мм"
DWE492,В наявності,Шліфмашина кутова - болгарка мережева DeWALT DWE492
DWE494,В наявності,Шліфмашина кутова - болгарка мережева DeWALT DWE494
DWE560,В наявності,Пила дискова мережева DeWALT DWE560
DWE5615,В наявності,"Професійна пила дискова мережева DeWALT DWE5615 : 1500 Вт, диск 190 мм, 5500 об/хв"
DWE625KT,В наявності,Фрезер DEWALT DWE625KT (кейс)
DWE627KT,В наявності,Фрезер DEWALT DWE627KT (кейс)
DWE6423,В наявності,Ексцентрикова шліфмашина DEWALT DWE6423
DWE7485,В наявності,"Пила настільна-циркулярна мережева DeWALT DWE7485 : 1850 Вт, 210 круг"
DWE7492,В наявності,Пила настільна дискова DEWALT DWE7492
DWHT36098-1,В наявності,Рулетка 3м DEWALT DWHT36098-1 (12.7мм)
DWHT36928-0,В наявності,Рулетка 8м DEWALT DWHT36928-0 (32мм)
DWHT38114-0,В наявності,Рулетка 5м DEWALT DWHT38114-0 (28мм)
DWHT38128-0,В наявності,Рулетка 8м DEWALT DWHT38128-0 (28мм)
DWHT77100,В наявності,Далекомір лазерний DEWALT DWHT77100 (30м)
DWS-851,В наявності,Шліфмашина для стін STARK DWS-851 (180мм)
DWS727,В наявності,Пила торцювальна мережева DeWALT DWS727
DWS780,В наявності,"Ручна настільна торцювальна пила по дереву DeWALT DWS780 : 1675 Вт, глибина різу 112мм, круг 305 мм"
DWST82968-1,В наявності,Органайзер DEWALT DWST82968-1 Tsak (440*337*119мм)
DWST83343-1,В наявності,Ящик DEWALT DWST83343-1 Tstak 2.0 (440*330*300мм)
DWST83346-1,В наявності,Ящик DEWALT DWST83346-1 Tstak 2.0 (440*330*300мм)
DWST83411-1,В наявності,"Професійний комплект ящиків DeWALT DWST83411-1 : 3 ящика, Ізраїль"
DWST83517-1,В наявності,Набір ящиків DEWALT DWST83517-1 Tstak 2.0 (2 ящики/ящик-візок)
DXCMS2524HE,В наявності,Компресор 24л DEWALT DXCMS2524HE (1.8кВт/260л/хв /2 циліндра/безмасляний)
DXV20PTA,В наявності,"Професійний промисловий пилосос DeWALT DXV20PTA : 1050 Вт, 20 л, 2268 л/хв"
DXVCS002,В наявності,Фільтр-циклон DEWALT DXVCS002 (23л)
ECHG12,В наявності,Фен-паяльник для пластику EURO CRAFT ECHG12
ECID-214,В наявності,Вібратор глибинний EURO CRAFT ECID-214 (2000Вт/булава 2м/35мм)
ECID212,В наявності,Міксер-дриль будівельний Euro Craft ECID212
ECO MIG-258,В наявності,Напівавтомат зварювальний EDON Eco MIG-258 (міні)
ECO MIG267,В наявності,Напівавтомат зварювальний EDON Eco MIG-267 (міні)
ECO MINI-307,В наявності,Зварювальний апарат EDON Eco mini 307
ECO-200 + кейс,В наявності,Зварювальний інверторний апарат PATON ECO-200 + кейс
ED AKM-21/1000 BL,В наявності,Повітродувка акумуляторна EDON ED AKM-21/1000BL (1акум.21В 4Аг/зарядний)
ED OCS-21/180BL,В наявності,Пила дискова акумуляторна EDON EDOCS-21/180BL (2акум.21В 4Аг/зарядний/180мм)
ED SMART-21V/2K-stp,В наявності,Набір акумуляторний EDON ED SMART-21V/2K (пила ланцюгова/секатор/штанга телескопічна/2акум.21В 4Аг/зарядний)
ED-1.3/2.0,В наявності,Штанга телескопічна для акумуляторного інструменту EDON ED-1.3/2.0
ED-1.3/2.5,В наявності,Штанга телескопічна для акумуляторного інструменту EDON ED-1.3/2.5
ED-1201,В наявності,Шурупокрут акумуляторний EDON ED-1201 (1акум.12В 2Аг/зарядний/кейс)
ED-16BL OL,В наявності,Шурупокрут акумуляторний EDON ED-16BL OL (2акум.16В 2Аг/зарядний/кейс)
ED-20/500PBL-1,В наявності,Гайкокрут акумуляторний EDON ED-20/500PBL (2акум.20В 4Аг/зарядний/кейс)
ED-21/4.0AH,В наявності,Акумулятор EDON Max ED-21/4.0AH (21В 4Аг)
ED-21/6.0AH,В наявності,Акумулятор EDON Max ED-21/6.0AH (21В 6Аг)
ED-21/8 LED,В наявності,Прожектор акумуляторний EDON ED-21/8 LED (21В/каркас)
ED-210/8.0HP,В наявності,Двигун бензиновий EDON ED-210/8.0HP (вал 19мм)
ED-21CUNBL,В наявності,Шурупокрут акумуляторний EDON ED-21CUN BL (2акум.21В 2Аг/зарядний/кейс/кутовий адаптер)
ED-30000,В наявності,Маска зварювальника з автозатемненням EDON ED-30000
ED-300BS,В наявності,Окуляри зварювальника з автозатемненням EDON ED-300BS
ED-32X,В наявності,Перфоратор бочковий Edon ZIC-ED-32X
ED-500BS,В наявності,Окуляри зварювальника з автозатемненням EDON ED-500BS
ED-COMBO-3K,В наявності,Набір акумуляторний EDON ED-Combo 3K (ED-20/125BL / ED-20/500PBL /ED21PBL/2акум.21В 4Аг/зарядний/кейс)
ED-DN20/90PBL,В наявності,Шурупокрут акумуляторний EDON ED-DN20/90PBL (2акум.21В 4Аг/зарядний/кейс)
ED-F1000S,В наявності,Повітродувка акумуляторна EDON ED-F1000S (7.4В/порохотяг/міні)
ED-FS 21/8 M,В наявності,Вентилятор акумуляторний EDON ED-FS 21/8 M (21В/каркас)
ED-FS 21/8 M BL,В наявності,Вентилятор акумуляторний EDON ED-FS 21/8 M BL (21В/каркас)
ED-H2900IS,В наявності,Генератор бензиновий інверторний EDON ED-H2900IS (1.8-2.0кВт)
ED-H3500IS,В наявності,Генератор бензиновий інверторний EDON ED-H3500IS (2.5-2.8кВт)
ED-JL-1500/2,В наявності,Тример електричний EDON ED-JL-1500/2 (2000Вт/розбірний)
ED-MHK-ATM1500,В наявності,Мийка EDON ATM1500
ED-NB300B,В наявності,Інвертор напруги акумуляторний EDON ED-NB300B (21В/каркас/300Вт/на 1 акумулятор/ліхтар)
ED-RW12,В наявності,Гайкокрут акумуляторний кутовий EDON ED-RW12 (2акум.12В 2Аг/зарядний/кейс)
ED-VTVB20Li,В наявності,Присосок вібраційний акумуляторний EDON ED-VTVB20Li (2акум.21В 2Аг/зарядний/кейс/123мм/60кг)
ED1100-10L,В наявності,Компресор 10л EDON ED1100-10L
EDON PRO CUT-45P,В наявності,Плазморіз EDON Pro CUT-45P
EDP-1000T,В наявності,Паяльник для пластикових труб EDON EDP-1000T
EHBB-21BL-26,В наявності,Перфоратор акумуляторний ZEGOR EHBB-21BL-26 (21В/каркас/кейс)
EHF-21BL-26,В наявності,Перфоратор акумуляторний ZEGOR EHF-21BL-26 (1акум.21В 4Аг/зарядний)
ELM3320,В наявності,"Професійна електрична газонокосарка Makita ELM3320 : 1200 Вт, 3400 об/хв, висота скошування 20/40/55 мм"
ELM3820,В наявності,"Професійна електрична газонокосарка ELM3820 Felső : 2000 Вт, ширина скошування 38см, вага 11.4кг"
EMAX-21BL,В наявності,Міксер акумуляторний ZEGOR EMAX-21BL (2акум.21В 4Аг/зарядний)
EPC-084L,В наявності,"Бензинова вібраційна плита прямохідна (трамбівка) EnerSol EPC-084L : 31см ущільнення, 84 кг, вібромашина"
ER308L,В наявності,Зварювальний дріт по нержавійці Gradient ER308L 0.8 мм (1 кг)
ES-AC100-8-2OF,В наявності,Компресор 8л ENERSOL ES-AC100-8-2OF (0.75кВт/100л/хв /2 циліндра/безмасляний)
ES-AC285-24-2OF,В наявності,"Потужний компресор повітряний безмасляний EnerSol ES-AC285-24-2OF : ресивера 24 л, 1.08 кВт, 8 бар, вага 14.5кг"
ESAX-21BL-40,В наявності,Секатор акумуляторний ZEGOR ESAX-21BL-40 (1акум.21В 2Аг/зарядний/кейс)
ESAX-21BL-50,В наявності,Секатор акумуляторний ZEGOR ESAX-21BL-50 (1акум.21В 2Аг/зарядний/кейс)
ET-6021SP,В наявності,"Набір торцевих головок 1/2"", шестигранники, 21 од. INTERTOOL ET-6021SP, торцеві головки"
EWM-140AD,В наявності,Апарат зварювальний ENERSOL EWM-140AD
EX350E,В наявності,Ексцентрикова шліфмашина Felső EX350E
EXPERTMIG-2000,В наявності,Зварювальний напівавтомат EDON ExpertMIG-2000 ( 2 в 1 MIG + MMA)
Eco CUT-40,В наявності,Плазморіз Edon Eco CUT-40 (220В / 10 мм різ)
Eco TIG-200AC/DC,В наявності,Апарат аргонодугового зварювання EDON Eco TIG-200AC/DC
Expert CUT-120,В наявності,"Плазморіз Edon Expert CUT-120 : 12.2 кВт, товщина різу 50 мм"
Expert CUT-160,В наявності,Плазморіз Edon Expert Cut-160 (380В / 65мм різ)
ExpertCut-100,В наявності,Плазморіз Edon Expert Cut-100 (380В / 35мм різ)
ExpertCut-40,В наявності,Плазморіз Edon Expert Cut-40 (220В / 12мм різ)
ExpertCut-65,В наявності,Плазморіз Edon Expert Cut-65 (220В / 25мм різ)
F0130290JZ,В наявності,"Професійний багатофункціональний інструмент (гравер) Dremel 290 : 35 Вт, 6000 уд/хв (F0130290JZ)"
F0132000JD,В наявності,Пальник газовий DREMEL VersaTip 2000 F0132000JD (олівець/паяльник)
F0132050JM,В наявності,Гравер DREMEL Stylo+ 2050-15 F0132050JM
F0132200JD,В наявності,Пальник газовий DREMEL VersaFlame 2200 F0132200JD (Г-подібний/паяльник)
F0133000JP,В наявності,Гравер DREMEL 3000-1/25 F0133000JP
F0134250JA,В наявності,Гравер DREMEL 4250-35 F0134250JA
F0134250JS,В наявності,Гравер DREMEL 4250 6/128 F0134250JS
F44157,В наявності,Пила торцювальна FELISATTI ПТ-255/1800Л (255мм/1800Вт)
F45211,В наявності,Порохотяг FELISATTI ПП-20/1200
F45212,В наявності,Порохотяг FELISATTI ПП-25/1200 (розетка)
F47102,В наявності,Стійка для дриля FELISATTI F47102
F60211,В наявності,Рубанок FELISATTI Р110/1100М
F61110,В наявності,Фрезер FELISATTI ФМ-67/2200Е
F62111,В наявності,Штроборіз FELISATTI ПД-230/2600Е (230мм/2600Вт)
F68125,В наявності,Пила шабельна FELISATTI НП-210/1000Е
F87028,В наявності,Шліфмашина стрічкова FELISATTI ЛШМ-76/900 (533мм/900Вт)
F87312,В наявності,Шліфмашина вібраційна FELISATTI ПШМ-115/300Е (300Вт)
F88011,В наявності,"Щіткова шліфувальна машина Felisatti ШМ-110/1400ЭМЛ/F88011 (4000об/хв.,⌀ 100мм, 1400Вт, плавний пуск)"
F88020,В наявності,"Щіткова шліфувальна машина Felisatti ШМ-110/1400ЭМ/F88020 (3600об/хв.,⌀ 110мм, 1400Вт, плавний пуск, регулювання)"
F88336,В наявності,Нейлонова щітка для брашування дерева Felisatti Щ-110/3 : 110х100 F88336
F88736,В наявності,Щітка для брашування дерева із нержавіючої сталі Felisatti Щ-110/7 : 110х100 F88736
F89189,В наявності,Точило FELISATTI T-150/150 (250Вт/150мм)
F89289,В наявності,Точило FELISATTI T-200/350 F89289 (350Вт/200мм)
FH50-30M,В наявності,"Рукав пожежний MAX 2"" 30 м FH50-30M (без хомутів)"
FH50-30M з хомутами,В наявності,"Рукав пожежний MAX 30 м FH50-30M з штуцерами : довжина 30 м, діаметр 50 мм (з хомутами)"
FMHT0-62688,В наявності,"Професійна викрутка - набір Stubby, реверсивна, з шістьма змінними бітами STANLEY FMHT0-62688"
FORT3800-M,В наявності,Генератор бензиновий інверторний ZEGOR FORT3800-M (3.3-3.8кВт)
FORT6000-M,В наявності,Генератор бензиновий інверторний ZEGOR FORT6000-M (5.5-6.0кВт)
FORT7000-O,В наявності,Генератор бензиновий інверторний ZEGOR FORT7000-O (7.0-7.5кВт/відкритий)
FP840,В наявності,Насос ножний CarLife FP840 з манометром
FS-9001,В наявності,Піна активна INTERTOOL FS-9001 (1л)
FS-AS16,В наявності,"Потужний акумуляторний обприскувач FS-AS16 Felső : з АКБ 12V 8Ah, бак 16л, шланг 110 см"
FS-AS16H,В наявності,Потужний акумуляторний обприскувач FS-AS16H Felső з додатковою ручною підкачкою
FS-BT 3500,В наявності,"Потужний бензотример FS-BT 3500 Felső : 3,5 кВт, зріз 420 мм, ніж 255 мм"
FS-BT3200,В наявності,"Потужний бензотример FS-BT3200, 3,2 кВт Felső : 3.2 кВт, 10500 об/хв, зріз 420мм, ніж 255 мм"
FS-BT3350,В наявності,"Потужний бензотример FS-BT3350 Felső : 3.35 кВт, 56 куб. см, зріз 420 мм, ніж 255 мм"
FS-ES2800,В наявності,Пила ланцюгова електрична FELSO FS-ES2800 (2.8кВт/40см/прямий двигун)
FS-GS3400,В наявності,"Бензинова ланцюгова пила Felső 3400 Вт (FS-GS3400): шина 45см, крок ланцюга 0,325"
FS-PD3100F,В наявності,"Потужний насос чавунний FS-PD 3100F з поплавком Felső : 3.1 кВт 25000л/год, піднімання води 20 м"
FS-PD3100F + рукав,В наявності,Потужний насос чавунний з поплавком Felső FS-PD 3100F : 3.1 кВт 25000л/год + рукав 20м
FT2300,В наявності,Гравер FELISATTI МШМ-170Е
FT5501,В наявності,Верстат свердлильний FELISATTI FT5501
FT5502,В наявності,Верстат свердлильний FELISATTI FT5502
G0103,В наявності,Шурупокрут акумуляторний GROSSER GCD 520Q (20В/каркас/52Нм)
G0114,В наявності,"Гайкокрут акумуляторний GROSSER GTW 1800 (20В/каркас/1800Нм/ 3/4"")"
G0133,В наявності,Тример акумуляторний GROSSER GBC 232 (2акум.20В 3Аг/зарядний)
G0137,В наявності,Тример акумуляторний GROSSER GBC 402 S (2акум.20В+20В 4Аг/зарядний 2 порти/розбірна штанга)
G0140,В наявності,Пила шабельна акумуляторна GROSSER GRS 150 (20В/каркас)
G0142,В наявності,Повітродувка акумуляторна GROSSER GBW 250 (20В/каркас/порохотяг)
G0143,В наявності,Шліфмашина ексцентрикова акумуляторна GROSSER GOS 200 (20В/каркас)
G0144,В наявності,Кущоріз акумуляторний GROSSER GHT 450 (20В/каркас)
G0150,В наявності,Фрезер акумуляторний GROSSER GCR 680 (20В/каркас)
G0152,В наявності,Бур акумуляторний GROSSER GEA 280 (20В+20В/каркас)
G0161,В наявності,Пристрій зарядний GROSSER GC 4 Dual (20В/2А/2 порти)
G0166,В наявності,Обприскувач акумуляторний GROSSER GBS-8Li (8л)
G0173,В наявності,Мотобур GROSSER GEA 5200 (5.2кВт)
G0175,В наявності,Головка косильна GROSSER GH-3 (чорна/підшипник)
G0186,В наявності,Ніж для тримера пластиковий GROSSER G0186 (для GGT 152/150 /в уп.5шт.)
G0189,В наявності,Пила ланцюгова бензинова GROSSER GGS 4400 (4.4кВт/38см)
G0191,В наявності,Напівавтомат зварювальний GROSSER GMIG-385P
G0220,В наявності,Пила ланцюгова акумуляторна GROSSER GCS 121 HS (1акум.20В 3Аг/зарядний/2 ланцюги/30cм)
G0225,В наявності,Шурупокрут акумуляторний GROSSER GCD 161 KBT (1акум.20В 4Аг/зарядний/кейс/160Нм)
G0227,В наявності,Вібратор глибинний акумуляторний GROSSER GBV 150 (20В/каркас/булава 1.5м)
G0228,В наявності,Присосок вібраційний акумуляторний GROSSER GTM 130 (20В/каркас/130мм/50кг)
G0229,В наявності,Присосок вібраційний акумуляторний GROSSER GTM 180 (20В/каркас/180мм/100кг)
G0248,В наявності,Пила ланцюгова акумуляторна GROSSER GCS 861SB (1акум.20В 3Аг/зарядний/кейс/2 ланцюги/20cм)
G0251,В наявності,Напівавтомат зварювальний GROSSER GMIG-305P
G0259,В наявності,Верстат для заточки ланцюгів акумуляторний GROSSER GST 100
G0260,В наявності,Повітродувка акумуляторна GROSSER GBW 600 (20В+20В/каркас)
G0263,В наявності,Шурупокрут акумуляторний GROSSER GCD 100 KBT (20В/каркас/100Нм)
G0265,В наявності,Перфоратор акумуляторний GROSSER GRH 300 (20В/каркас)
G0266,В наявності,Ліхтар акумуляторний GROSSER GED 500/2 (20В/каркас/2 розсіювача)
G0277,В наявності,Міксер акумуляторний GROSSER GMX 220 (20В/каркас/ 2 вінчика)
G0278,В наявності,Міксер акумуляторний GROSSER GMX 120 (20В/каркас)
G0279,В наявності,Міксер акумуляторний GROSSER GMX 110 (20В/каркас)
G0281,В наявності,Фарбопульт акумуляторний GROSSER GSG 300 (20В/каркас)
G0285,В наявності,Мийка високого тиску акумуляторна GROSSER GPW 350 (20В/каркас/кейс)
G0286,В наявності,Напівавтомат зварювальний GROSSER GMIG-285
G0290,В наявності,Набір акумуляторний GROSSER GMM 202 (шурупокрут/гайкокрут/кшм/пила ланцюгова/мийка/2акум.20В 2Аг/зарядний/кейс)
G0292,В наявності,Пароочисник GROSSER GSW 1500
G0298,В наявності,Ножиці для трави акумуляторні GROSSER PHS 311 Pink Adition (1акум. 20В 2Аг/з кущорізом 305мм)
G0300,В наявності,Тример акумуляторний GROSSER PBC 231 Pink Adition (1акум.20В 3Аг/зарядний)
G0301,В наявності,Набір акумуляторний садовий GROSSER PSET312 (тример/секатор/пила ланцюгова/2акум.20В 2Аг+3Aг/зарядний)
G0305,В наявності,Напівавтомат зварювальний GROSSER GMIG-315P
G0309,В наявності,Шліфмашина кутова акумуляторна GROSSER GAG 120KBS (20В/каркас)
G0314,В наявності,Пила ланцюгова акумуляторна GROSSER GCS 872AB (2акум.20В 2Аг/зарядний/2 ланцюги/2 шини/15+20cм/кейс)
G0315,В наявності,Тример акумуляторний GROSSER GBC 231 (1акум.20В 3Аг/зарядний)
G0316,В наявності,Тример акумуляторний GROSSER GBC 230 (20В/каркас)
G0318,В наявності,Колонка музична акумуляторна GROSSER GWS 200 (20В/каркас)
G0324,В наявності,Тример акумуляторний GROSSER GBC 261-4 (1акум.20В 4Аг/зарядний)
G0338,В наявності,Акумулятор GROSSER GB 208P Pro (20В 8Аг)
G0339,В наявності,Пристрій зарядний GROSSER GC 6 Pro (20В/6А)
G0348,В наявності,Акумулятор GROSSER GB 212 (20В 12Аг)
G0348/2,В наявності,"Акумуляторна батарея Grosser 12А GB 212 (20V, 12Аh 2шт) (G0348/2)"
G0350,В наявності,Пристрій зарядний GROSSER GC 8 Dual (20В/4А/2 порти)
G0351,В наявності,Напівавтомат зварювальний GROSSER GMIG-395SYN Expert
G0361,В наявності,Культиватор акумуляторний GROSSER GCC400 (20В/каркас)
G0364,В наявності,Вентилятор акумуляторний GROSSER GLF 240L (20В/каркас/гібридний)
G0365,В наявності,Пила шабельна акумуляторна GROSSER GRS 140 (20В/каркас)
G0367,В наявності,Набір акумуляторний GROSSER SET 482 (GCD 520T/GTW 520N/GAG 120KBS/GRH 260/2акум.20В 4Аг+8Аг/зарядний/кейс)
G0378,В наявності,Шліфмашина кутова акумуляторна GROSSER GAG 230 (20В+20В/каркас/230мм)
G0379,В наявності,"Акумуляторний бур Grosser GEA 400 (без АКБ, без шнеків) (G0379)"
G0383,В наявності,Тример акумуляторний GROSSER GBC 271-8 (1акум.20В 8Аг/розбірна штанга)
G0393,В наявності,Культиватор акумуляторний GROSSER GCC 100 (20В/каркас/ручний)
G0397,В наявності,Корчувач бурʼянів акумуляторний GROSSER GWW 200 (20В/каркас)
G0398,В наявності,Ліхтар акумуляторний GROSSER GED 600 (20В/каркас)
G0403,В наявності,Повітродувка акумуляторна GROSSER GBW 100 (20В/каркас/порохотяг)
GA5030R,В наявності,Шліфмашина кутова 125мм MAKITA GA5030R
GA5040,В наявності,Шліфмашина кутова 125мм MAKITA GA5040
GA9020,В наявності,"Потужна електрична кутова шліфмашина (болгарка) MAKITA GA9020 : 2200 Вт, 230мм"
GA9020RF,В наявності,"Потужна електрична кутова шліфмашина (болгарка) MAKITA GA9020RF : 2200 Вт, 230мм"
GA9030RF01,В наявності,Шліфмашина кутова 230мм MAKITA GA9030RF01
GA9050,В наявності,"Потужна електрична кутова шліфмашина (болгарка) MAKITA GA 9050 : 2000 Вт, 230мм, 6600 об/хв"
GA9082,В наявності,Шліфмашина кутова 230мм MAKITA GA9082 (2700Вт)
GB-0020,В наявності,Пальник газовий з п'єзопідпалом INTERTOOL GB-0020
GBL125-860S,В наявності,Шліфмашина кутова 125мм ZEGOR GBL125-860S (регуляція)
GBL150-1100SE,В наявності,Шліфмашина кутова 150мм ZEGOR GBL150-1100SE (регуляція)
GBL180-1700,В наявності,"Потужна кутова шліфувальна машина Zegor GBL180-1700 болгарка : 1700 Вт, диск 180мм, 8500 об/хв"
GBL230-2300,В наявності,"Потужна кутова шліфувальна машина Zegor GBL230-2300 болгарка : 2300 Вт, диск 230мм, 6500 об/хв"
GBS125-720,В наявності,"Потужна кутова шліфувальна машина Zegor GBS125-720 болгарка : 720 Вт, диск 125мм, 11000 об/хв"
GBS125-720SE,В наявності,Шліфмашина кутова 125мм ZEGOR GBS125-720SE (регуляція)
GBS125-800,В наявності,"Потужна кутова шліфувальна машина Zegor GBS125-800 болгарка : 800 Вт, диск 125мм, 11000 об/хв"
GC2040BL,В наявності,Шліфмашина кутова акумуляторна FELSO GC2040BL (1акум.20В 4Aг/зарядний)
GCL125-950S,В наявності,Шліфмашина кутова 125мм ZEGOR GCL125-950S (регуляція)
GCL230-2400P,В наявності,Шліфмашина кутова 230мм ZEGOR GCL230-2400P
GCS125-1500SE-BL,В наявності,Шліфмашина кутова 125мм ZEGOR GCS125-1500SE-BL (регуляція/безщіткова)
GCS125-850,В наявності,Шліфмашина кутова 125мм ZEGOR GCS125-850
GD0810C,В наявності,Шліфмашина пряма MAKITA GD0810С
GE 7.0-19k,В наявності,Потужний двигун бензиновий до мотоблоку (бензидвигун) Vitals GE 7.0-19k : 7 л.с./212 куб. см. (165167)
GGM-900,В наявності,Верстат точильно-шліфувальний стрічковий FELSO GGM-900 (900Вт/150мм/686*50мм)
GH2300E,В наявності,"Професійний промисловий фен (будівельний фен) GH2300E 2300 В Felső : 2300Вт, 600 градусів,650 л/хв"
GL1950SE,В наявності,Кутова шліфмашина (болгарка) 180мм Felső GL1950SE
GM1450,В наявності,"Потужний заточувальний верстат GM1450 Felso : 1450 Вт, диск 200 мм, 2950 об/хв"
GS1100ES,В наявності,Шліфмашина кутова 125мм FELSO GS1100ES (регуляція)
GS950,В наявності,"Кутова шліфувальна машинка 125мм GS950 Felső, диск 125 мм, 950Вт, 11000 об/хв."
GSN50C,В наявності,Пістолет монтажний газовий TOUA GSN50C
GT-520/3000,В наявності,Тример бензиновий EDON GT-520/3000
GT1454,В наявності,Лебідка ручна тросова 450кг INTERTOOL GT1454 (10м)
GWF0810,В наявності,"Дріт зварювальний флюсовий GRADIENT E71T-GS Ø 0,8 мм (1 кг) самозахисний"
HFMFT0115,В наявності,"Професійний багатофункціональний ніж (мультитул) 15-в-1 INGCO : складний ніж, мультиінструмент, швейцарський ніж солдатський"
HGG-21/220,В наявності,Пістолет клейовий акумуляторний ZEGOR HGG-21/220 (21В/каркас)
HHS6001,В наявності,Ножиці для стрижки кущів INGCO HHS6001
HKSD0628,В наявності,Набір викруток 6 шт. INGCO INDUSTRIAL (HKSD0628)
HL 1920 E,В наявності,Термовоздуходувка Steinel HL 1920 E
HLTS7608,В наявності,Гілкоріз INGCO HLTS7608 (телескопічні ручки)
HP 168F,В наявності,"Двигун бензиновий LEX 6.5 HP 168F : 6,5 кВт - 19 Вал, Польща"
HP1012-2.0A,В наявності,Мийка EDON HP1012D-2.0A
HP1840T-2.4A,В наявності,Мийка EDON HP1840T-2.4A
HP2071,В наявності,Дриль двошвидкісний MAKITA HP2071 (кейс)
HP333DWAE,В наявності,Шурупокрут акумуляторний MAKITA HP333DWAE (2акум.12В 2Аг слайдер/зарядний/кейс)
HPB-26,В наявності,Перфоратор прямий ZEGOR HPB-26 (3Дж/800Вт)
HPB-26Q,В наявності,Перфоратор прямий ZEGOR HPB-26Q (3Дж/800Вт/2 патрони)
HPY-28QAVR,В наявності,Перфоратор прямий ZEGOR HPY-28QAVR (3.2Дж/900Вт/2 патрони)
HQBC01601,В наявності,Струбцина швидкозатискна 150*63мм INGCO HQBC01601
HQBC01602,В наявності,Струбцина швидкозатискна 300*63мм INGCO HQBC01602
HQBC01603,В наявності,Струбцина швидкозатискна 450*63мм INGCO HQBC01603
HR 2470,В наявності,Перфоратор прямий MAKITA HR2470 (2.4Дж/780Вт)
HR2810,В наявності,Перфоратор бочковий MAKITA HR2810
HT-0524,В наявності,Набір скальпелів з тримачем INTERTOOL HT-0524 (14шт.)
HT-0541,В наявності,"Багатофункціональний мультиінструмент 160 мм, 12 в 1, з чохлом INTERTOOL HT-0541"
HT-1003,В наявності,"Якісний набір ключів ріжкових, 12шт. 6-32мм. CrV. INTERTOOL HT-1003"
HT-1203,В наявності,"Якісний набір ключів комбінованих 12 шт., 6-22 мм CrV INTERTOOL HT-1203"
HT-1253,В наявності,"Якісний набір ключів комбінованих, 20шт. 6-32мм INTERTOOL HT-1253"
HT-7021,В наявності,Знімач ізоляції 150 мм INTERTOOL HT-7021
HT-7023,В наявності,Знімач ізоляції автоматичний 200мм INTERTOOL HT-7023
HT-7050,В наявності,"Кліщі для обтиску контактів з храповим механізмом (0,5 - 1/1,5 - 2,5/4 - 6мм) INTERTOOL HT-7050"
HT-7052,В наявності,Кліщі для обтиску штекерів (RJ11 / RJ12 / RJ14) INTERTOOL HT-7052
HWSP102418,В наявності,Автоматичний стриппер багатофункціональний 0.2 - 6 мм² INGCO INDUSTRIAL HWSP102418
HY-16L,В наявності,"Садовий обприскувач акумуляторний Vulkan HY-16L : 12 V, 8 Ah, бак 16 л, ранцевий, вага 3 кг"
ID 500,В наявності,"Потужна електрична дриль Stark ID 500 : 500 Вт, обороти х. х об / хв : 0-2800 (120015041)"
ID-DL1136,В наявності,Дриль ударний EDON ID-DL1136 (1000Вт)
ID1250,В наявності,"Потужна дриль електрична ударна (електродриль) ID1250 Felső : 1250 Вт, патрон 13 мм, 2800 об/хв"
IDAX-21BL-50,В наявності,Шурупокрут акумуляторний імпульсний ZEGOR IDAX-21BL-50 (1акум.21В 2Аг/зарядний/50Нм)
IDCR-21BL-230,В наявності,Шурупокрут акумуляторний імпульсний ZEGOR IDCR-21BL-230 (1акум.21В 4Аг/зарядний/кейс)
IE3500,В наявності,"Інверторний генератор Optimat Smart Energy IE3500 3/3,5 кВт, електростартер, закритий корпус"
IO3500,В наявності,"Інверторний генератор Optimat Smart Energy IO3500 3/3,5 кВт, 230 В, мідна обмотка"
JGB-20/180,В наявності,Насос поверхневий акумуляторний EDON JGB-20/180 (1акум.21В 2Аг/зарядний)
JN 1601,В наявності,Ножиці по металу електричні MAKITA JN 1601
JN1601,В наявності,"Професійні обрізні ножиці Makita JN 1601 : 550 Вт, 2200 хід/хв, 1.6 кг"
JS-100/950RL,В наявності,Лобзик електричнийEDON JS-100/950RL
JS-85/750R,В наявності,Лобзик електричний EDON JS-85/750R
JS20BL,В наявності,Лобзик акумуляторний Felso JS20BL - (без акума і зарядки)
JS840,В наявності,Пристрій пуско-зарядний акумуляторний ALLIGATOR JS840 (повербанк)
JS841,В наявності,Пристрій пуско-зарядний акумуляторний ALLIGATOR JS841 (повербанк)
JS843,В наявності,Пристрій пуско-зарядний акумуляторний ALLIGATOR JS843 (повербанк)
JV 0600 K,В наявності,"Електролобзик з низькою вібрацією, 650 Вт Makita JV 0600 K"
K-202,В наявності,"Плита газова з п'єзопідпалом під газові балони Kovar K-202 : 2.8 кВт, 100 г/год"
KNWM01,В наявності,Маска зварювальника з автозатемненням E.C. KING KNWM01
KP0800,В наявності,"Електричний ручний рубанок (фуганок) MAKITA KP0800 : 620 Вт, ширина 82мм, глибина 2.5мм, 2.6 кг (електрорубанок)"
L-1425 Basic,В наявності,"Промисловий будівельний порохотяг для сухого і вологого прибирання Starmix ISC L-1425 Basic : 1.4 кВт, 25л бак"
L-1625 TOP,В наявності,Порохотяг STARMIX ISC L-1625 Top
L-1635 TOP,В наявності,Порохотяг STARMIX iPulse L-1635 Top
LA20,В наявності,Ліхтар акумуляторний FELSO LA20 (20В/каркас)
LDJ-21 BL-U,В наявності,Культиватор акумуляторний EDON LDJ-21 BL-U (2акум.21В 4Аг/зарядний)
LFCSV4,В наявності,Якісна система перенесення BIHUI SLIM TRANS 4 для крупноформатного керамограніту (LFCSV4)
LFWB,В наявності,Розкладний модульний стіл BIHUI 1800х1400 мм (LFWB)
LPW002,В наявності,"Паяльник для пластикових труб AL-FA LPW002 (2720 Вт, насадки 20–63 мм)"
LS1018LN,В наявності,Пила торцювальна з протяжкою MAKITA LS1018LN
LV3-2110,В наявності,Шурупокрут акумуляторний EDON LV3-2110 (2акум.21В 2Аг/зарядний/кейс/набір інструментів)
LXAH10M,В наявності,"Професійний шланг спіральний 5х8 мм, 10 м з швидкороз'ємними з'єднаннями LEX LXAH10M"
LXAH15M,В наявності,"Професійний шланг спіральний 5х8 мм, 15 м з швидкороз'ємними з'єднаннями LEX LXAH15M"
LXAH20M,В наявності,"Професійний шланг спіральний 5х8 мм, 20 м з швидкороз'ємними з'єднаннями LEX LXAH20M"
LXATK5,В наявності,Якісний набір покрасочний пневматичний 5 од. LEX LXATK5
LXBG 75-3,В наявності,"Точильно-гравірувальний верстат LEX LXBG 75-3:300Вт,диск 75мм,9500 об/хв"
LXC24,В наявності,Повітряний компресор LEX LXC24 -24 л 2.5 кВт. 210 л / хв
LXC50V,В наявності,Компресор V-подібний 50л LEX LXC50V (3.3кВт/430л/хв)
LXCM210,В наявності,Пила торцювальна E.C. LEX LXCM210 (210мм/2100Вт)
LXCM305,В наявності,Пила торцювальна з протяжкою LEX LXCM-305 (305мм)
LXDBS16,В наявності,"Верстат для заточування свердел LEX LXDBS16 : 160Вт, 1600 об/хв, вага 2.2кг"
LXFL01,В наявності,"Діодний ліхтарик LEX LXFL01 : потужність 3 Вт / 240 люмен, літієва батарея 2800 мАч, 3 типи світла"
LXGD670,В наявності,"Бензиновий земляний мотобур двотактний LEX LXGD670 : 4,9 кВт / 6,7 к.с. (3 шнека в комплекті)"
LXHW454K,В наявності,Барабанна лебідка ручна LEX 454 кг
LXHW816K,В наявності,Барабанна лебідка ручна LEX 816 кг
LXIS13-1027,В наявності,"Якіснй набір головок до гайковерт LEX LXIS13-1027 : 13 головок в наборі, розмір від 10-27mm"
LXIS16E,В наявності,"Набір ударних головок LEX LXIS16E 1/2"" 10-32 мм 16 од., набір ударних торцевих головок для авто"
LXISS36E,В наявності,"Набір головок 1/2"" ударні E.C. LEX LXISS36E (8-32мм*38мм/10-32мм*78мм/35шт.)"
LXLM38E,В наявності,Газонокосарка електрична LEX LXLM38 (38см/2400Вт/безщіткова)
LXPCS165,В наявності,Пила дискова заглибна LEX LXPCS165 (165мм/1650Вт/напрямна шина)
LXPD24,В наявності,Насос для перекачування дизельного палива LEX 24V (LXPD24)
LXRS015,В наявності,Набір фрез по дереву LEX LXRS015 (d8/15шт.)
LXRS15,В наявності,"Набір фрез по дереву, хвостовик 8 мм 15 шт. LEX LXRS15"
LXSS-2112PT,В наявності,"Набір головок і комплектуючих для грузових машин LEX 21шт. 12 гр 3/4"" (19 - 50 мм)"
LXSSPC800,В наявності,Набір скоб для зварювання пластику LEX LXSSPC800 (800шт.)
M2300NB,В наявності,Пила торцювальна MAKITA M2300NB
M2402B,В наявності,Пила монтажна MAKITA M2402B
M3601B,В наявності,Фрезер MAKITA M3601B
M3602B,В наявності,Фрезер MAKITA M3602B
M3702B,В наявності,Фрезер MAKITA 3702B
M4000,В наявності,"Професійна повітродувка електрична Makita M4000 : 530 Вт, 1.5 кг, 36 місяців гарантія"
M4301B,В наявності,Лобзик MAKITA M4301B
M6201,В наявності,"Дриль-міксер 750 Вт, 600 об/хв., реверс, патрон 1,5 - 13 мм, MAKITA M6201"
M8103B,В наявності,Дриль ударний MAKITA M8103B
M8103KX2,В наявності,Дриль ударний MAKITA M8103KX2
M8700B,В наявності,Перфоратор прямий MAKITA M8700B
M9204B,В наявності,Шліфмашина ексцентрикова MAKITA M9204B
M9400B,В наявності,Шліфмашина стрічкова MAKITA M9400B (610мм/940Вт)
M9511RB,В наявності,Шліфмашина кутова 125мм MAKITA M9511RB
MD-0001,В наявності,Мультиметр цифровий CAT II - 300 В / CAT I - 600 В INTERTOOL MD-0001
ME1500,В наявності,Фрезер електричний Felső ME1500
MG-18218,В наявності,"Потужний гравер електричний (бормашина) з гнучким валом в кейсі Stark MG-18218 : 180 Вт, 218 насадок, вага 2.25 кг"
MG17218,В наявності,Гравер FORTE MG 17218
MIG-280,В наявності,"Зварювальний напівавтомат Edon MIG-280 (2 в 1 MIG + MMA) 7.2 кВт, 280 А, єврорукав"
MIG-280V,В наявності,Зварювальний напівавтомат Edon MIG-280V (2 в 1 MIG + MMA)
MIG-290 MINI(TIG),В наявності,"Зварювальний інверторний апарат ZEGOR MIG-290 MINI(TIG) 4 кВА, 50-290 A"
MIG-295MINI,В наявності,Напівавтомат зварювальний ZEGOR MIG-295 mini
MIG-297 MINI,В наявності,Зварювальний напівавтомат Zegor MIG/MMA/TiG-297 MINI 4.2 кВт
MIG-308,В наявності,"Зварювальний напівавтомат Edon MIG-308 (7.5 кВт, 308 А) 2 в 1 MIG + MMA"
MIG-308 New,В наявності,Зварювальний напівавтомат Edon MIG-308 NEW (2 в 1 MIG + MMA)
MIG-315 New,В наявності,Зварювальний напівавтомат EDON MIG-315 New ( 2 в 1 MIG + MMA)
MIG-330,В наявності,Напівавтомат зварювальний ZEGOR MIG-330
MIG-3700,В наявності,Напівавтомат зварювальний ZEGOR MIG-3700
MMA-270 MINI,В наявності,Апарат зварювальний ZEGOR MMA-270 mini
MMA-280 MINI,В наявності,Зварювальний інверторний апарат ZEGOR MMA-280 MINI 3.5 кВт
MMA-300 MINI,В наявності,"Зварювальний апарат інверторного типу MMA-300 MINI ZEGOR : 4.2 кВт, 300 А, діаметр електрода 1.6-4мм, вага 2кг"
MMA-320,В наявності,Апарат зварювальний ZEGOR MMA-320
MMA-360 PRO,В наявності,"Зварювальний апарат ZEGOR IGBT MMA-360 PRO : 6.2 кВт, 20 - 360 А"
MT-0020,В наявності,Якісна косильна головка для бензокоси з ланцюгом VMF EURO MT-0020
MT-3053,В наявності,"Штатив для лазерного рівня 1.3 м , 1/4"" INTERTOOL MT-3053 : висота 0.4-1.3 м, різьба 1/4"", алюмінієвий"
MT-3060,В наявності,Штанга телескопічна INTERTOOL MT-3060 (1250-2800мм)
MT280BA,В наявності,Реноватор BLACK+DECKER MT280BA (сумка)
MT60082,В наявності,"Професійний набір інструментів у кейсі MOLDER MT60082, 82 одиниць"
MT60094,В наявності,"Професійний набір інструментів у кейсі MOLDER MT60094, 94 одиниць"
MT60108,В наявності,Набір інструментів 108шт. MOLDER MT60108
MT60151,В наявності,Набір інструментів в кейсі Molder 151од. (MT60151)
MT60176,В наявності,Набір інструментів в кейсі Molder 176од.(MT60176)
MT60219,В наявності,Набір інструментів 219шт. MOLDER MT60219
MT60233,В наявності,"Професійний набір інструментів в кейсі Molder 1/2"", 1/4"", 3/8"" 72Т, CR-V 233 одиниці (MT60233)"
MXMS 301,В наявності,"Гравер електричний (бормашина) з гнучким валом в кейсі MAX MXMS 301 - 330 Вт, 218 насадок, багатофункціональний інструмент"
NBC-290 SMART,В наявності,Напівавтомат зварювальний ZEGOR NBC-290 Smart
OAC-21/700,В наявності,Фен акумуляторний EDON OAC-21/700 (2акум.21В 2Аг/зарядний/кейс)
OAG-20/76 BL,В наявності,Шліфмашина кутова акумуляторна EDON OAG-20/76 BL (2акум.12В 2Аг/зарядний/76мм)
OAG-20/76 OL,В наявності,Акумуляторна кутова міні болгарка Edon OAG-20/76 OL
OAW-20/800PBL,В наявності,Гайкокрут акумуляторний REDBO OAW-20/800PBL (1акум.20В 4Аг/зарядний/кейс)
ORH-20BL,В наявності,Перфоратор акумуляторний REDBO ORH-20BL (1акум.21В 4Аг/зарядний/кейс)
OSM 100,В наявності,"Осциляційні шпиндельного-шліфувальний верстат Scheppach osm 100 : 450 Вт, 2000 об/хв, вага 14.6 кг"
P-03 С-І,В наявності,Багаторазовий пилозбірник для пилососа СЛОН P-03 С-І Philips / Electrolux
P-03 С-ІІ,В наявності,Одноразові пилозбірники для пилососа СЛОН P-03 С-ІІ Philips / Electrolux
P-03 С-ІІI,В наявності,Одноразові пилозбірники для пилососа СЛОН P-03 С-ІІI Philips / Electrolux
P-04 C-H,В наявності,HEPA-фільтр СЛОН Philips P-04 C-H для фільтрації пилу та алергійних часток
PATON MINI,В наявності,Зварювальний апарат (зварювання) PATON MINI : 5.5 кВА - 190 А
PB2000N,В наявності,Станція зарядна PREMIUM POWER PB 2000N (2000Вт)
PBS 75-C,В наявності,Мережева шліфувальна машина стрічкова P.I.T. PBS 75-C : 1050 Вт шліфмашина
PLASMA 60,В наявності,Плaзмopіз ZEGOR IGBT PLASMA-60 - 16мм різання металу
PLASMA-40,В наявності,"Плaзмopіз ZEGOR IGBT PLASMA-40 : 6.2 кВт, 11мм різання металу"
PRO CUT-100PM,В наявності,"Плазморіз інверторний Edon PRO CUT-100PM: 13.1 кВт, струм 100 А, ККД 85%, товщина різу 35мм,перемикач (короткі/довгі шви)"
PRO CUT-80P,В наявності,Плазморіз Edon Pro CUT-80P (380В / 30 мм різ)
PRO MMA-300,В наявності,Апарат зварювальний EDON Pro MMA-300 (300А/5.1кВт)
PT-0007,В наявності,Компресор V-подібний 50л INTERTOOL PT-0007 (3кВт/420л/хв /10атм)
PT-0101,В наявності,Фарбопульт пневматичний HVLPmini INTERTOOL PT-0101 (0.8мм/125мл)
PT-0117,В наявності,"Краскопульт пневматичний HVLP INTERTOOL PT-0117 : 300 л/хв, діаметр форсунки 1.3мм, 600 мл бачок"
PT-0132,В наявності,"Краскопульт пневматичний LVLP GREEN INTERTOOL PT-0132 : 200 л/хв, діаметр форсунки 1.3мм, 600 мл бачок"
PT-0204,В наявності,"Краскопульт пневматичний HP INTERTOOL PT-0204: 190 л/хв, діаметр форсунки 1.5мм, 600 мл бачок"
PT-0211,В наявності,"Краскопульт пневматичний HP INTERTOOL PT-0211: 190 л/хв, діаметр форсунки 1.5мм, 1000 мл металевий бачок"
PT-0603,В наявності,Пістолет для піни INTERTOOL PT-0603
PT-0604,В наявності,Пістолет для піни INTERTOOL PT-0604 (тефлоновий)
PT-1002,В наявності,"Шліфмашина пневматична 1/4"" міні INTERTOOL PT-1002 : 6 атм.,шв. 25000 об/хв, вага 0.550 кг"
PT-1003,В наявності,Шліфмашина пряма пневматична INTERTOOL PT-1003 (шліфувальні камені 10шт./кейс)
PT-1007,В наявності,"Потужна шліфмашина пневматична ексцентрикова INTERTOOL PT-1007 : 125-150 мм, 340 л/хв, 6.3 атмосфери"
PT-1101,В наявності,"Гайковерт пневматичний INTERTOOL PT-1101, у валізі + набір головок, 17 од., 1/2"""
PT-1103,В наявності,"Гайковерт пневматичний ударний INTERTOOL PT-1103, 1/2"", 576 Нм, професійний, 7500 об/хв."
PT-1104,В наявності,"Професійний гайковерт пневматичний 1"" INTERTOOL PT-1104 : 2200 Нм, 3900 об/хв, 1/2"", реверс"
PT-1110,В наявності,Гайкокрут пневматичний кутовий INTERTOOL PT-1110 (69Нм/набір головок/кейс)
PT-1401,В наявності,"Фільтр для очищення повітря 1/2"" INTERTOOL PT-1401"
PT-1410,В наявності,"Фільтр для очищення повітря + редуктор у металі 1/2"" INTERTOOL PT-1410"
PT-1411,В наявності,"Фільтр для очищення повітря 1/4"" INTERTOOL PT-1411"
PT-1412,В наявності,"Фільтр для очищення повітря + редуктор 1/4"" INTERTOOL PT-1412"
PT-1431,В наявності,"Блок підготовки повітря 1/4"" INTERTOOL PT-1431"
PT-1440,В наявності,"Лубрикатор 1/4"" INTERTOOL PT-1440 (міні мастильниця)"
PT-1603,В наявності,Степлер пневматичний під цвяхи INTERTOOL PT-1603
PT-1610,В наявності,"Степлер пневматичний INTERTOOL PT-1610, під скобу 12,80x16 мм"
PT-1611,В наявності,"Степлер пневматичний INTERTOOL PT-1611, під шпильку від 12 до 25 мм"
PT-1716,В наявності,"Професійний шланг спіральний 8х12 мм, 10 м з швидкороз'ємними з'єднаннями INTERTOOL PT-1716 : до 15 атм"
PT-1718,В наявності,"Шланг спіральний поліуретановий 8*12 мм, 20 м з швидкороз'ємними з'єднаннями INTERTOOL PT-1718"
PT-1721,В наявності,Шланг гумовий повітряний армований зі швидкороз'ємними з'єднаннями INTERTOOL PT-1721 : до 20 атм 6 x 13 мм 20м
PT-1771,В наявності,Шланг пневматичний гумовий 10м INTERTOOL PT-1771 (8*15мм/червоний)
PT-1772,В наявності,"Професійний шланг гібридний STORM INTERTOOL PT-1772, професійний, 20 атм, 8*15 мм, 20 м з латунними швидкороз'ємними з'єднаннями"
PT-8632,В наявності,Цвях для степлера 32мм 1.0x1.25мм 5000шт/упак INTERTOOL PT-8632
PULSETIG-315ACDC,В наявності,Інверторна аргонова зварка (аргонно-дугова) Edon PULSETIG-315ACDC
PWS180D,В наявності,Шліфмашина кутова 180мм PIT PWS180-D
Q1100/35,В наявності,Дренажний насос Edon Q1100/35 : 550 Вт чиста/грязна вода (Q1100/35)
Q1100S/35,В наявності,"Дренажний насос Edon Q1100S/35 : 1100 Вт, 208 л/хв, чиста/грязна вода (Q1100S/35)"
Q1300/40,В наявності,"Дренажний насос Edon Q1300/40 : 1300 Вт, 233 л/хв, чиста/грязна вода (Q1300/40)"
Q750/35,В наявності,Дренажний насос EDON Q750/35
R1740,В наявності,Диски алмазні спарені для штроби 125мм*15мм M14 RAPIDE R1740
R1741,В наявності,Диски алмазні спарені для штроби 125мм*30мм M14 RAPIDE R1741
R210PF вал 19мм,В наявності,"Бензиновий двигун Rato R210 PF:вал 19мм,6 л.с/4400 Вт - потужність двигуна, 3600 об/хв"
R210PF вал 20мм,В наявності,"Бензиновий двигун Rato R210 PF:вал 20мм, 6 л.с/4400 Вт - потужність двигуна, 3600 об/хв"
R300PF вал 25мм,В наявності,"Потужний бензиновий двигун Rato R300 PF:вал 25мм, 8,2 л.с/6000 Вт - потужність двигуна, 3600 об/хв"
R5542,В наявності,Диск пиляльний 255*32мм/80T RAPIDE R5542 (по алюмінію)
R5543,В наявності,Диск пиляльний 305*32мм/100T RAPIDE R5543 (по алюмінію)
R7018,В наявності,Насадка заклепочник для шурупокрута RAPIDE R7018 (заклепки 2.4-6.4мм)
RB-42/16BL,В наявності,Пила ланцюгова акумуляторна REDBO RB-42/16BL (2акум.21В+21В 4Аг/зарядний/40cм)
RH1000,В наявності,Перфоратор прямий FELSO RH1000 (3.3Дж/1000Вт)
RH1000Q,В наявності,Перфоратор прямий FELSO RH1000Q (3.3Дж/1000Вт/2 патрони)
RH1200,В наявності,Перфоратор прямий FELSO RH1200 (3.8Дж/1200Вт)
RH1200Q,В наявності,Перфоратор прямий Felső RH1200Q
RHS20/200K,В наявності,Ножиці для трави акумуляторні RIKER RHS 20/200K (20В/каркас/з кущорізом)
RK0011,В наявності,"Гайковерт акумуляторний Riker RTW 20/650K : (каркас, без АКБ і ЗП) (RK0011)"
RK0012,В наявності,"Гайковерт акумуляторний Riker RTW 20/750K : (каркас, без АКБ і ЗП) (RK0012)"
RK0034,В наявності,Пристрій зарядний RIKER RCH 20/2 (20В/2А)
RK0035,В наявності,Пристрій зарядний RIKER RCH 20/4 (20В/4А)
RK0042,В наявності,Акумулятор RIKER RB 8A (20В 8Аг)
RK0054,В наявності,Перфоратор бочковий RIKER RRH-1500 (5.5Дж/1500Вт)
RK0056,В наявності,Пила дискова RIKER RCS 2200 (185мм/2200Вт)
RK0070,В наявності,Точило RIKER RBG 150 (250Вт/150мм)
RK0071,В наявності,Точило RIKER RBG 200 (450Вт/200мм)
RK0075,В наявності,Гравер RIKER RMG 350
RK0078,В наявності,Лобзик RIKER RJS 1100
RK0086,В наявності,Пила ланцюгова акумуляторна RIKER RCS 20/8NK (20В/каркас/20см)
RK0129,В наявності,Пила ланцюгова акумуляторна RIKER RCS 20/12TK (20В/каркас/телескопічна ручка/30см)
RK0131,В наявності,Пила ланцюгова акумуляторна RIKER RCS 20/8MK (20В/каркас/20см)
RK0132,В наявності,Шліфмашина кутова акумуляторна RIKER RAG 20/125MK (20В/каркас)
RK0133,В наявності,Шліфмашина кутова акумуляторна RIKER RAG 20/125NK (20В/каркас)
RK0135,В наявності,Фарбопульт акумуляторний RIKER RSG 20LK (20В/каркас)
RK0237,В наявності,Повітродувка акумуляторна RIKER RTB 20CK (20В/каркас/порохотяг)
RK0239,В наявності,Секатор акумуляторний RIKER RPS 20/40K (20В/каркас)
RL1604,В наявності,Рівень лазерний RIKER RL 1604 (4D/25м/зелений)
RP2303FC08,В наявності,Фрезер MAKITA RP2303FC08 (кейс)
RS20BL,В наявності,Пила ланцюгова акумуляторна FELSO RS20BL (20В/каркас/2 ланцюги/2 шини/25+30cм)
RS40BL,В наявності,Пила ланцюгова акумуляторна FELSO RS40BL (20В+20В/каркас/35см)
RT-0004,В наявності,Заклепочник INTERTOOL RT-0004
RT-0015,В наявності,"Пістолет заклепувальний ручний 200 мм, діаметр застосовуваної заклепки 2.4; 3.2; 4; 4.8 мм, Storm INTERTOOL RT-0015"
RT-0018,В наявності,Заклепочник дворучний INTERTOOL RT-0018 (360мм/2.4-6.4мм)
RT0702CX2,В наявності,Фрезер MAKITA RT0702CX2
RVC20K,В наявності,Порохотяг акумуляторний RIKER RVC 20K (20В/каркас)
S-01 С-І,В наявності,Багаторазовий пилозбірник для пилососа СЛОН S-01 С-І SAMSUNG
S-01 С-ІII,В наявності,Одноразові пилозбірники для пилососа СЛОН S-01 С-ІII SAMSUNG
S-01 С-ІІ,В наявності,Одноразові пилозбірники для пилососа СЛОН S-01 С-ІІ SAMSUNG
S-02 С-І,В наявності,Багаторазовий пилозбірник для пилососа СЛОН S-02 С-І SAMSUNG
S-02 С-ІII,В наявності,Одноразові пилозбірники для пилососа СЛОН S-02 С-ІII SAMSUNG
S-02 С-ІІ,В наявності,Одноразові пилозбірники для пилососа СЛОН S-02 С-ІІ SAMSUNG
S461VHY-BS450E,В наявності,Газонокосарка бензинова AGRIMOTOR S461VHY-BS450E (46см/самохідна/двигун Briggs&Statton)
SAG-1190,В наявності,"Шліфмашина кутова, болгарка START PRO SAG-1190, диск 125 мм,1190 Вт, 11000 об/хв."
SAS16,В наявності,Садовий обприскувач акумуляторний (електричний) SEQUOIA SAS16 : 16л ранцевий
SB-02 С-І,В наявності,Багаторазовий пилозбірник для пилососа СЛОН SB-02 С-І Bosch / Siemens
SB-02 С-ІII,В наявності,Одноразові пилозбірники для пилососа СЛОН SB-02 С-ІII Bosch / Siemens
SB-02 С-ІІ,В наявності,Одноразові пилозбірники для пилососа СЛОН SB-02 С-ІІ Bosch / Siemens
SBL4037B-E2W,В наявності,Газонокосарка акумуляторна SEQUOIA SBL4037B-E2W Set (2акум.18В 5Аг/2 зарядних/безщіткова)
SC20BL,В наявності,Секатор акумуляторний FELSO SC20BL (20В/каркас)
SCDB4,В наявності,Тримач-присосок для скла BIHUI Black SCDB4 (двійний/85кг/115мм)
SCSB4,В наявності,Тримач-присосок для скла BIHUI Black SCSB4 (одинарний/40кг/115мм)
SCVM6,В наявності,Тримач-присосок для скла BIHUI Steel SCVM6 (помповий/100кг/150мм)
SCVM8,В наявності,Тримач-присосок для скла BIHUI Rigin SCVM8 (помповий/120кг/200мм)
SD-0025,В наявності,"Якісний набір свердел по металу DIN338 HSS 25шт (1.0-13.0), покриття Ti INTERTOOL SD-0025"
SD-8020,В наявності,"Якісний набір плашок M3-M12 і мітчиків M3-M12, 20 од. INTERTOOL SD-8020"
SD-8100,В наявності,Якісний набір мітчиків та свердел 18од INTERTOOL SD-8100
SD2040BL,В наявності,Гайкокрут акумуляторний FELSO SD2040BL (1акум.20В 4Аг/зарядний/600Нм)
SDAX-21BL-500,В наявності,Гайкокрут акумуляторний ZEGOR SDAX-21BL-500 (2акум. 21В 4Аг/зарядний/кейс/500Нм)
SDPP-21BL-1100,В наявності,Гайкокрут акумуляторний ZEGOR SDPP-21BL-1100 (1акум. 21В 6Аг/зарядний/кейс/1100Нм)
SDPP-21BL-1600,В наявності,Гайкокрут акумуляторний ZEGOR SDPP-21BL-1600 (1акум. 21В 6Аг/зарядний/кейс/1600Нм)
SF600G,В наявності,Точило NOWA SF 600G (600Вт/150мм)
SFMCL050B,В наявності,Ліхтар світлодіодний акумуляторний STANLEY FATMAX SFMCL050B (18В/каркас)
SFMEE500S,В наявності,Шліфмашина для стін STANLEY SFMEE500S (225мм/жираф/підсвітка)
SG7125,В наявності,Шліфмашина кутова 125мм STANLEY SG7125 (750Вт)
SP-0036,В наявності,Якісні наколінники захисні від падінь INTERTOOL SP-0036
SP-0055,В наявності,Наколінники захисні INTERTOOL SP-0055 (гелеві подушки)
SP6000J,В наявності,"Професійна ручна заглибна дискова пила Makita SP 6000J : 1300 Вт, 165мм, 55мм глибини погружна циркулярка в кейсі"
SP6000J лінійка,В наявності,"Професійна ручна заглибна дискова пила Makita SP 6000J : 1300 Вт, 165мм, 55мм глибини погружна в кейсі + лінійка 1.5м"
STHT0-62141,В наявності,Набір викруток з тридцяти чотирьох предметів в футлярі STANLEY STHT0-62141 : 34 предмети
STHT0-70648,В наявності,"Професійний багатофункціональний ніж (мультитул) STANLEY STHT0-70648 : складний ніж мультиінструмент, швейцарський ніж солдатський"
STHT0-70885,В наявності,Якісна викрутка - набір Multibit c насадками STANLEY STHT0-70885 : насадки 34 шт
STHT0-77406,В наявності,"Детектор прихованої проводки, дерева, металу Stanley S200 STHT0-77406"
STHT77611-0,В наявності,Рівень лазерний STANLEY STHT 77611-0 (10м)
SW2020BL,В наявності,Шурупокрут акумуляторний імпульсний FELSO SW2020BL (1акум.20В 2Аг/зарядний/230Нм)
Smart MIG-265,В наявності,Напівавтомат зварювальний EDON SmartMIG-265
Smart MMA-260,В наявності,Апарат зварювальний EDON Smart MMA-260
Smart MMA-320,В наявності,Апарат зварювальний EDON Smart MMA-320
SmartMIG-327,В наявності,Напівавтомат зварювальний EDON SmartMIG-327
SmartMIG-357,В наявності,Напівавтомат зварювальний EDON SmartMIG-357
Standard MIG-250,В наявності,Зварювальний напівавтомат Paton Standard MIG-250
StandardMIG-160,В наявності,Зварювальний напівавтомат PATON StandardMIG-160
TA-00-115D,В наявності,Апарат зварювальний ТЕХАС ТА-00-115D
TA-01-305,В наявності,"Перфоратор бочковий Tex.AC ТА-01-305 : 1700 Вт, 6 Дж"
TA-01-352,В наявності,"Перфоратор 1200 Вт, патрон SDS+, Tex.AC ТА-01-352"
TA-01-353,В наявності,Перфоратор прямий ТЕХАС ТА-01-353 (3.8Дж/1250Вт/2 патрони)
TA-AC300JS,В наявності,Пристрій пуско-зарядний акумуляторний ТЕХАС TA-AC300JS (повербанк/автомобільний компресор)
TA-CJ100,В наявності,Лобзик ТЕХАС TA-CJ100 (1050Вт/кейс)
TA-CJ65,В наявності,Лобзик ТЕХАС TA-CJ65 (650Вт)
TA-GA1900,В наявності,Мотобур ТЕХ.АС TA-GA1900
TA-HG2200,В наявності,Фен промисловий ТЕХАС ТА-HG2200 (регуляція)
TA-PC500,В наявності,"Якісний краскопульт TEX.AC TA-PC500 : 500 Вт, бак 800 мл, 900 мл/хв, форсунка 2.6 мм"
TA-SC12,В наявності,Автомобільний зарядний пристрій для акумулятора TEX.AC TA-SC12 : струм 6А 4-120 Аh
TA-SC248,В наявності,Пристрій зарядний автомобільний ТЕХАС TA-SC248 (12/24В/8А/інверторний)
TA-SG12PB,В наявності,Обприскувач ранцевий акумуляторний ТЕХАС ТА-SG12PB (12л)
TA-VC30,В наявності,Порохотяг ТЕХАС ТА-VC30
TA-WQD1300,В наявності,"Дренажний насос TEX.AC TA-WQD1300: 1300 Вт, 2850 об/хв, 167 л/хв, подача 10 м"
TA-WQD1300 + рукав,В наявності,"Дренажний насос TEX.AC TA-WQD1300 : 1300 Вт, 167 л/хв + 20м рукав"
TA-СА2416,В наявності,Компресор 24л ТЕХАС TA-CA2416 (1кВт/180л/хв /2 циліндра/безмасляний)
TA2400INW,В наявності,"Інверторний бензиновий генератор TAGRED TA2400INW 1,8/2,0 кВт, 230 В, ручний запуск"
TA3800I,В наявності,Генератор бензиновий інверторний TAGRED TA3800I (3.5-3.8кВт/відкритий)
TA5000I,В наявності,Генератор бензиновий інверторний TAGRED TA5000I (4.8-5.0кВт/відкритий)
TA7350D,В наявності,"Дизельний генератор TAGRED TA7350D 4,2/5 кВт, 230 В, електростартер, AVR"
TAOE-AC450,В наявності,Компресор акумуляторний ТЕХАС TAOE-AC450 (20В/каркас/автомобільний)
TAOE-CJ80,В наявності,Лобзик акумуляторний ТЕХАС TAOE-CJ80 (20В/каркас)
TAOE-CS125M,В наявності,Пила дискова акумуляторна ТЕХАС TAOE-CS125M (18В/каркас/125мм)
TAOE-CS185,В наявності,Пила дискова акумуляторна ТЕХАС TAOE-CS185 (20В/каркас/185мм)
TAOE-GT20VB,В наявності,Тример акумуляторний ТЕХАС TAOE-GT20VB
TAOE-GT20VB/4A,В наявності,Акумуляторний тример Tex.AC TAOE-GT20VB (акум 4а і зарядка)
TAOE-GT40VB,В наявності,Тример акумуляторний ТЕХАС TAOE-GT40VB
TAOE-GT40VB/8А,В наявності,Акумуляторний тример Tex.AC TAOE-GT40VB (акум 8а 2шт і зарядка)
TAOE-HPW500,В наявності,Мийка високого тиску акумуляторна ТЕХАС TAOE-HPW500 (20В/каркас)
TAOE-HT520,В наявності,Кущоріз акумуляторний ТЕХАС TAOE-HT520 (20В/каркас)
TAOE-IW2500,В наявності,Гайкокрут акумуляторний ТЕХАС TAOE-IW2500 (20В/каркас/2500Нм)
TAOE-PWM350,В наявності,Паяльник для труб акумуляторний ТЕХАС TAOE-PWM350 (20В/каркас/кейс)
TAOE-RH25,В наявності,Перфоратор акумуляторний ТЕХАС TAOE-RH25 (20В/каркас)
TAOE-RH35,В наявності,Перфоратор акумуляторний ТЕХАС TAOE-RH35 (20В/каркас)
TAOE-S4/2,В наявності,"Акумуляторна ланцюгова пилка гілкоріз Техас TAOE-S4: з АКБ 20V 2шт-2Ah, 2 шини і ланцюги по 100/150мм"
TAOE-T12-D,В наявності,Паяльник акумуляторний ТЕХАС TAOE-T12D (20В/каркас/0-480*C)
TAOE-TTM50,В наявності,"Потужна акумуляторна вібраційна присоска для усадки плитки TEX.AC TAOE-TTM50 : з АКБ 2-шт 20 V 2.0 Ah + ЗП, навантаження 50кг"
TAOE-VC10,В наявності,Порохотяг акумуляторний ТЕХАС TAOE-VC10 (20В/каркас)
TAOE-С2,В наявності,Пристрій зарядний ТЕХАС TAOE-C2 (20В/2А)
TAOE-С2D,В наявності,Пристрій зарядний ТЕХАС TAOE-С2D (20В/2А/2 порти)
TAOE-СD37,В наявності,"Акумуляторний шуруповерт TEX.AC TAOE-СD37 : з АКБ 2шт-20V 2.0 Ah, 37 Hm"
TAVP-450,В наявності,Насос вібраційний ТЕХАС TAVP-450
TC 200,В наявності,Плиткоріз електричний FORTE TC 200 (200мм/620мм)
TCS1600,В наявності,Плиткоріз ручний 1600мм BIHUI Max Line TCS1600 (монорейковий/з лазером)
TDBM,В наявності,Адаптер BIHUI для відведення пилу (пиловловлювач) на відро (TDBM)
TE20,В наявності,Штанга телескопічна для акумуляторного інструменту FELSO TE20 (1200-2000мм)
TEX MIG 307,В наявності,Напівавтомат зварювальний EDON TEX MIG-307
TEX MIG-277,В наявності,Напівавтомат зварювальний EDON TEX MIG-277
TEX MIG-377,В наявності,Напівавтомат зварювальний EDON TEX MIG-377
TIG-250,В наявності,Аргонно-дуговий зварювальний апарат Edon EXPERT TIG-250
TKPG,В наявності,Наколінники будівельні BIHUI GEL (TKPG)
TPL250,В наявності,Контурний шаблон BIHUI з фіксатором 250 мм (TPL250)
TW141DZ,В наявності,Гайкокрут акумуляторний MAKITA TW141DZ (12В слайдер/каркас)
Tex MIG-277G,В наявності,Напівавтомат зварювальний EDON Tex MIG-277G
Tyrolit фреза,В наявності,Фреза фірмова по металу (шарошка) Tyrolit - Німеччина
UC3541A,В наявності,"Електрична ланцюгова пила Makita UC3541A, 1800Вт, 35 см (210309)"
UNI С-І,В наявності,Багаторазовий пилозбірник для пилососа СЛОН UNI С-I Універсальний мішок (1 шт)
UNI С-ІI,В наявності,Одноразовий пилозбірник для пилососа СЛОН UNI С-II Універсальний мішок (5 шт)
UNI С-ІII,В наявності,Одноразовий пилозбірник для пилососа СЛОН UNI С-III Універсальний мішок (5 шт)
UNS-21/25BL,В наявності,Пила ланцюгова акумуляторна EDON UNS-21/25BL (2акум.21В 4Аг/зарядний/кейс/25см)
UPW-21/6D BL,В наявності,Мийка високого тиску акумуляторна EDON UPW-21/6D BL (1акум.21В 4Аг/зарядний/кейс)
UPW-21A,В наявності,Мийка високого тиску акумуляторна EDON UPW-21A (1акум.21В 4Аг/зарядний/кейс)
VBM-2T0.4-100,В наявності,Компресор ремінний 100л WERK VBM-2T0.4-100 (2.2кВт/ 420л/хв)
VC2512L,В наявності,"Пилосос будівельний Makita VC2512L, 1000Вт, 25л (VC2512L)"
VCB40BL,В наявності,Порохотяг садовий акумуляторний FELSO VCB40BL (20В/каркас)
VP300/10,В наявності,Насос вібраційний EDON VP300/10
VS 215-30-ОС,В наявності,"Якісний подовжувач побутовий VS 215-30-ОС (30 м,1 гніздо/2*1.5мм2)"
VS 215-50-ОС,В наявності,Подовжувач 50м VS 215-50-ОС (1 гніздо/2*1.5мм2/помаранчевий)
VS215-10-О,В наявності,"Якісний подовжувач Loga тато-мама 2х1,5 мм2 3000 Вт 16А 250 В 10 м (VS 215-10-О)"
WCR-01S,В наявності,Порохотяг віконний акумуляторний ZEGOR WCR-01S (робот)
WP-5,В наявності,Набір пневмоінструменту EDON WP5 (5шт.)
WP-50,В наявності,Мотопомпа EDON WP-50
WP-80,В наявності,Мотопомпа EDON WP-80
WS-250,В наявності,Апарат аргонодугового зварювання ZEGOR WS-250 (TIG)
WSME 200,В наявності,Апарат аргонодугового зварювання ZEGOR WSME-200
WT-0529,В наявності,Стрічкова шліфувальна машина INTERTOOL WT-0529
WT-0541,В наявності,Шліфмашина ексцентрикова INTERTOOL WT-0541 (125мм/300Вт)
WT-1509,В наявності,Мийка INTERTOOL WT-1509 (195бар/2500Вт/ 7.8л/хв)
Welding 1мм,В наявності,Зварювальний дріт обміднений Welding 1 мм 4 кг
XC-635BL,В наявності,Фрезер акумуляторний EDON XC-635 BL (20В/каркас)
YK-A011,В наявності,Головка косильна X-TREME TK-A011 (алюмінієва мала)
YK-W004,В наявності,"Насадка культиватор для мотокоси X-TREME YK-W004 26 мм : на 26 штангу, 9 шліців, ширина культивації 300мм, глибина 150мм"
YT-04632,В наявності,"КУТОВИЙ ТРИМАЧ-АДАПТЕР YATO HEX - 1/4"" 37 ММ 12 НМ ПІД КУТОМ 105°"
YT-04691,В наявності,"Перехідник для ударних гайковертів YATO YT-04691 : 1/2"" X HEX-1/4"" 50 ММ"
YT-09528,В наявності,Гайкокрут пневматичний YATO YT-09528 (1000Нм/120л/хв)
YT-21657,В наявності,Ключ розвідний 250мм YATO YT-21657
YT-21658,В наявності,Ключ розвідний 300мм YATO YT-21658
YT-22443,В наявності,"Кліщі для обтискання і зачистки проводів YATO,тип RJ45, RJ10, RJ11, L= 205 мм : YT-22443"
YT-36128,В наявності,Заклепочник дворучний різьбовий YATO для нітогайок М 3-12 мм 360 мм (YT-36128)
YT-52630,В наявності,Набір скребків для фуг та герметиків YATO 2шт (YT-52630)
YT-73080,В наявності,Мультиметр цифровий з продзвонкою (тестер) YATO YT-73080
YT-82134,В наявності,Молоток відбійний YATO YT-82134 (20Дж/1500Вт)
YT-82196,В наявності,"Потужна полірувальна машина Yato YT-82196 : 1400 Вт, регулювання обертів, 3500 об/хв, круг 180 мм, липучка (YT-82196)"
YT-SV-001,В наявності,"Мережевий подовжувач Svittex SV-001, 220 В, 10 А, 5 розеток, 1.8 м Сірий (YT-SV-001)"
YT-SV-002,В наявності,"Мережевий подовжувач Svittex SV-002, 220 В, 10 А, 5 розеток, 3.0 м Сірий (YT-SV-002)"
YT-SV-003,В наявності,"Подовжувач мережі Svittex SV-003, 220В, 10А, 5 розеток, 5.0 м Сірий (YT-SV-003)"
Z-03 C-II,В наявності,Багаторазовий пилозбірник для пилососа СЛОН Z-03 C-II ZELMER (5 шт)
Z-03 C-III,В наявності,Одноразовий пилозбірник для пилососа СЛОН Z-03 C-III ZELMER (5 шт)
Z-03 С-І,В наявності,Багаторазовий пилозбірник для пилососа СЛОН Z-03 С-I ZELMER (1 шт)
ZVM60B-10,В наявності,"Потужний насос вібраційний Zegor ZVM60B : напір 60м, 1.08 куб. м/год,10м кабель"
Zymmer,В наявності,Котушка для тримера з ліскою та металевою кнопкою на підшипнику з автоматичною намоткою Zymmer
teeth26,В наявності,Кокосовий порошок для відбілювання
БП-4521ТН,В наявності,Пила ланцюгова бензинова КЕНТАВР БП-4521ТН (2.0кВт/45см)
БП120,В наявності,Бетонозмішувач 120л FORTE БП 120
ЕR70S-6,В наявності,Зварювальний дріт обміднений ЕR70S-6 0.8 мм
МД6013,В наявності,Зварювальні електроди GEFEST МД 6013 3 мм 2.5 кг
ММА-250PFC,В наявності,Апарат зварювальний EDON PRO MMA-250PFC (220/380В)
НФ-00000835,В наявності,Свердло ступінчасте 4-32мм RAPIDE (кобальтове/спіральне)
Насадка культиватор 9/28,В наявності,"Насадка-культиватор для мотокоси 9 шліців вал, 28 мм труба на пром підшипниках"
ПЗП-600І,В наявності,Пристрій пуско-зарядний КЕНТАВР ПЗП-600І (інверторний)
Р82/900,В наявності,Рубанок FELISATTI Р82/900
СВЕТОПРИБОР 20 м,В наявності,"Якісний подовжувач на котушці для саду 2х2,5 20 м ""СВІТЛОПРИЛАД"""
СВЕТОПРИБОР 30 м,В наявності,"Якісний подовжувач на котушці для саду 2х1,5 30м ""СВІТЛОПРИЛАД"""
СЗ-101,В наявності,"Електричний станок для заточки ланцюгів Кентавр СЗ-101 : 85 Вт, 1.5 кг заточка ланцюгів"
ТA-DG210,В наявності,"Потужний електричний гравер Tex.AC ТA-DG210 : 300 Вт, 1.6-2.3 –3.2 цанга, аксесуари 210шт"
ТAОЕ-С4,В наявності,"Зарядний пристрій 4А Tex.AC ТAОЕ-С4 : струм заряду 4А, 20V"
ТА-00-109,В наявності,"Зварювальний апарат TEX.AC MINI ТА-00-109 6.4 кВт, 20-250А, 1.6-4 мм електрод"
ТА-01-049,В наявності,"Професійний технічний фен (будівельний) Tex.AC ТА-01-049 : 2 кВт, 2 режима промисловий фен"
ТА-01-210,В наявності,"Дриль електрична ударна (електродриль) Tex.AC ТА-01-210 : 1000 Вт, 3000 об/хв."
ТА-01-240,В наявності,"Потужний електричний будівельний міксер TEX.AC ТА-01-240: 2 кВт, 5 кг"
ТА-01-425,В наявності,Шліфмашина кутова 125мм ТЕХАС ТА-01-425 (регуляція)
ТА-01-435BL,В наявності,Шліфмашина кутова 125мм ТЕХАС TA-01-435BL (безщіткова)
ТА-01-520,В наявності,Шліфмашина стрічкова ТЕХАС ТА-01-520 (457мм/1100Вт)
ТА-01-535,В наявності,"Ексцентрикова шліфмашина (орбітальна) Tex.AC ТА-01-535 : 350 Вт, 125мм платформа шліфувальна машина"
ТА-01-610L,В наявності,Компресор повітряний Tex.AC ТА-01-610L
ТА-01-620L,В наявності,Компресор 50л ТЕХАС ТА-01-620L (2кВт/206л/хв)
ТА-01-685,В наявності,"Верстат для заточування ланцюга Tex.AC ТА-01-685 : 350 Вт, 5000 об/хв."
ТА-01-700,В наявності,"Паяльник для пластикових труб (поліпропіленових труб) Tex.AC ТА-01-700 : 600 Вт, 20-32мм насадки, зварювання полімерних труб"
ТА-03-118,В наявності,"Електрична ланцюгова пила Tex.AC ТА-03-118, вес 3,5кг, 1800Вт, 14""/350мм, шаг 3/8"""
ТА-03-153,В наявності,"Бензинова мотокоса (бензокоса) для трави Tex. AC ТА-03-153 : 3200 Вт, 52 куб двигун бензинова косарка тример"
ТА-03-171,В наявності,Тример бензиновий ТЕХАС ТА-03-171 (4-х тактний)
ТА-03-223,В наявності,"Електрична ланцюгова пила Tex.AC ТА-03-223 : 2300Вт, вес 5,5кг, 16""/406мм, шаг 3/8"""
ТА-03-228,В наявності,"Електрична ланцюгова пила Tex.AC ТА-03-228 : 2800Вт, вес 5,3кг, 16""/406мм, шаг 3/8"""
ТА-MC1500,В наявності,"Потужний мотокультиватор (бензокультиватор) TEX.AC ТА-MC1500 : ширина 30см, глибина 16см, 4 фрез, двигун 2.6 к.с"
ТА-MIG260,В наявності,"Зварювальний напівавтомат TEX.AC ТА-MIG260 6,9 кВт"
ТА-MIG280,В наявності,Зварювальний напівавтомат TEX.AC ТА-MIG280
ТА-SH2600,В наявності,Подрібнювач садовий ТЕХАС TA-SH2600
ТАOE-HG600,В наявності,Фен акумуляторний ТЕХАС TAOE-HG600 (20В/каркас)
ТАOE-PM150,В наявності,Машина полірувальна акумуляторна ТЕХАС TAOE-PM150 (20В/каркас)
ТАОЕ-В410P,В наявності,Акумулятор ТЕХАС TAOE-B410P (20В 4Аг/високострумний)
ТАОЕ-В610P,В наявності,Акумулятор ТЕХАС TAOE-B610P (20В 6Аг/високострумний)
ТАОЕ-В810P,В наявності,Акумулятор ТЕХАС TAOE-B810P (20В 8Аг/високострумний)
ТК-2202,В наявності,Якісна автоматична котушка з ліскою тримерна X-Treme ТК-2202
